{
  "alpha": "1e-2",
  "attention_heads": 2,
  "batch_size": 64,
  "convolution_layer": "GINConv",
  "dataset": "ENZYMES",
  "deterministic_algorithms": true,
  "global_pooling_layer": "max",
  "local_pooling_layer": null,
  "lr": 0.005,
  "max_epochs": 200,
  "patience": 10,
  "split 1": {
    "train_losses": [
      1.797901173432668,
      1.7983296513557434,
      1.7925912539164226,
      1.7943189938863118,
      1.788969099521637,
      1.7864812016487122,
      1.7819467981656392,
      1.7825258175532024,
      1.7822792132695515,
      1.7797288695971172,
      1.7797968188921611,
      1.7753122846285503,
      1.7697847286860149,
      1.7660428682963054,
      1.7652265826861064,
      1.7633678913116455,
      1.7597188552220662,
      1.7628802061080933,
      1.760334074497223,
      1.7541505694389343,
      1.7496825456619263,
      1.7474440336227417,
      1.7460214495658875,
      1.744721531867981,
      1.7399134834607441,
      1.7377116084098816,
      1.7323031624158223,
      1.7305934429168701,
      1.7292040983835857,
      1.7302780747413635
    ],
    "val_losses": [
      1.7970752716064453,
      1.7939690351486206,
      1.7938371300697327,
      1.7960249185562134,
      1.7782126665115356,
      1.7797122597694397,
      1.7881090641021729,
      1.7928266525268555,
      1.7946721315383911,
      1.7919002175331116,
      1.7921968698501587,
      1.7902721762657166,
      1.7907646894454956,
      1.7867134809494019,
      1.7852988243103027,
      1.783325731754303,
      1.78009432554245,
      1.7834401726722717,
      1.7785556316375732,
      1.7731590867042542,
      1.770170509815216,
      1.7736839056015015,
      1.7764658331871033,
      1.7766150832176208,
      1.7715184092521667,
      1.7715100049972534,
      1.767897129058838,
      1.7619943618774414,
      1.7639830708503723,
      1.7726051807403564
    ],
    "train_accuracies": [
      0.16666666666666666,
      0.16666666666666666,
      0.16666666666666666,
      0.15555555555555556,
      0.1527777777777778,
      0.16111111111111112,
      0.19166666666666668,
      0.21666666666666667,
      0.21944444444444444,
      0.22777777777777777,
      0.23333333333333334,
      0.25555555555555554,
      0.25277777777777777,
      0.2861111111111111,
      0.2777777777777778,
      0.2638888888888889,
      0.2777777777777778,
      0.2388888888888889,
      0.2361111111111111,
      0.2611111111111111,
      0.275,
      0.2611111111111111,
      0.24444444444444444,
      0.24166666666666667,
      0.275,
      0.275,
      0.2638888888888889,
      0.26944444444444443,
      0.25833333333333336,
      0.26666666666666666
    ],
    "val_accuracies": [
      0.175,
      0.175,
      0.175,
      0.175,
      0.175,
      0.21666666666666667,
      0.18333333333333332,
      0.175,
      0.175,
      0.2,
      0.20833333333333334,
      0.23333333333333334,
      0.20833333333333334,
      0.21666666666666667,
      0.18333333333333332,
      0.20833333333333334,
      0.23333333333333334,
      0.24166666666666667,
      0.25833333333333336,
      0.24166666666666667,
      0.23333333333333334,
      0.23333333333333334,
      0.23333333333333334,
      0.20833333333333334,
      0.23333333333333334,
      0.24166666666666667,
      0.225,
      0.21666666666666667,
      0.23333333333333334,
      0.24166666666666667
    ],
    "test_accuracy": 0.225,
    "last_epoch": 30,
    "train_time_per_epoch": 0.25398892561594644
  },
  "split 2": {
    "train_losses": [
      1.7937423586845398,
      1.7949957052866619,
      1.800334632396698,
      1.804261287053426,
      1.8057000041007996,
      1.7981401284535725,
      1.796815812587738,
      1.7994183699289958,
      1.7882417837778728,
      1.7816757361094158,
      1.7789709170659382,
      1.777501920859019,
      1.7728867332140605,
      1.7729469537734985,
      1.7726268370946248,
      1.7747575044631958,
      1.771120011806488,
      1.7722064852714539,
      1.771500011285146,
      1.7703219453493755,
      1.7677446603775024,
      1.767639656861623,
      1.7637211084365845,
      1.7609771490097046,
      1.7609272996584575,
      1.7613950371742249,
      1.7581196427345276,
      1.7560803294181824,
      1.7559590737024944,
      1.7575206756591797,
      1.7574870387713115,
      1.7532015641530354,
      1.7506308356920879,
      1.747650146484375,
      1.7506779829661052,
      1.7472946246465046,
      1.7524241209030151,
      1.7472110390663147,
      1.7457884748776753,
      1.7408706744511921,
      1.751068154970805,
      1.7508454124132793,
      1.7498135765393574,
      1.7478031317392986,
      1.7427817781766255,
      1.7431056300799053,
      1.74525781472524,
      1.7535874843597412,
      1.7492876251538594,
      1.7466366688410442,
      1.7420825560887654,
      1.7412572304407756,
      1.7436916430791218,
      1.740260402361552,
      1.7391034166018169,
      1.7371779282887776,
      1.7467460831006367,
      1.7456082701683044,
      1.744697093963623,
      1.7426799535751343,
      1.7434353232383728,
      1.7450056274731953,
      1.7535057266553242
    ],
    "val_losses": [
      1.8035932779312134,
      1.8043745756149292,
      1.8141307830810547,
      1.820389747619629,
      1.8217508792877197,
      1.8150914311408997,
      1.8162593841552734,
      1.8200098276138306,
      1.819304883480072,
      1.8178518414497375,
      1.811212182044983,
      1.8046937584877014,
      1.8064849376678467,
      1.803471028804779,
      1.8045456409454346,
      1.8070889711380005,
      1.806704580783844,
      1.8031280636787415,
      1.7973288893699646,
      1.7915021777153015,
      1.789584994316101,
      1.7901593446731567,
      1.7899185419082642,
      1.7912288904190063,
      1.7885696291923523,
      1.7854779362678528,
      1.785406768321991,
      1.784182369709015,
      1.7869489192962646,
      1.7904165983200073,
      1.7887608408927917,
      1.7888073921203613,
      1.7883094549179077,
      1.7891556024551392,
      1.7851906418800354,
      1.7799606323242188,
      1.7763639092445374,
      1.7802671790122986,
      1.7823690176010132,
      1.7786590456962585,
      1.782145917415619,
      1.787578284740448,
      1.7909610867500305,
      1.7847657799720764,
      1.7835775017738342,
      1.7869383692741394,
      1.793472707271576,
      1.7920494675636292,
      1.791411280632019,
      1.789211094379425,
      1.7813727259635925,
      1.7803099155426025,
      1.7793261408805847,
      1.7801795601844788,
      1.7853471040725708,
      1.7818074226379395,
      1.7913761734962463,
      1.7853285670280457,
      1.7804564833641052,
      1.7790283560752869,
      1.7811259031295776,
      1.7856452465057373,
      1.7911943197250366
    ],