{
  "alpha": "1e-2",
  "attention_heads": 2,
  "batch_size": 64,
  "convolution_layer": "GAT",
  "dataset": "ENZYMES",
  "deterministic_algorithms": true,
  "global_pooling_layer": "mean",
  "local_pooling_layer": "TOPK",
  "lr": 0.005,
  "max_epochs": 200,
  "patience": 10,
  "split 1": {
    "train_losses": [
      1.7923470338185628,
      1.7940789461135864,
      1.7927148938179016,
      1.7937867840131123,
      1.7923090656598408,
      1.7931157350540161,
      1.7922650178273518,
      1.7870882153511047,
      1.784316877524058,
      1.7849934697151184,
      1.7755041519800823,
      1.7735624313354492,
      1.7693317532539368,
      1.7642946640650432,
      1.7621175646781921,
      1.775881826877594,
      1.7867225805918376,
      1.7842639684677124,
      1.7875651717185974
    ],
    "val_losses": [
      1.7960964441299438,
      1.7970073819160461,
      1.7962021827697754,
      1.7961140871047974,
      1.7963436245918274,
      1.7961773872375488,
      1.7959361672401428,
      1.7889556884765625,
      1.7976287007331848,
      1.801566243171692,
      1.8088573217391968,
      1.8192627429962158,
      1.8184269070625305,
      1.822879672050476,
      1.8282787799835205,
      1.8603055477142334,
      1.843380868434906,
      1.8094353079795837,
      1.812047004699707
    ],
    "train_accuracies": [
      0.16111111111111112,
      0.16111111111111112,
      0.16111111111111112,
      0.16111111111111112,
      0.16666666666666666,
      0.16944444444444445,
      0.15,
      0.17777777777777778,
      0.18611111111111112,
      0.18888888888888888,
      0.18888888888888888,
      0.18611111111111112,
      0.22777777777777777,
      0.21944444444444444,
      0.2388888888888889,
      0.20277777777777778,
      0.17777777777777778,
      0.18333333333333332,
      0.17222222222222222
    ],
    "val_accuracies": [
      0.15,
      0.15,
      0.15,
      0.14166666666666666,
      0.175,
      0.2,
      0.20833333333333334,
      0.275,
      0.175,
      0.18333333333333332,
      0.15833333333333333,
      0.16666666666666666,
      0.14166666666666666,
      0.15833333333333333,
      0.15833333333333333,
      0.21666666666666667,
      0.175,
      0.13333333333333333,
      0.175
    ],
    "test_accuracy": 0.20833333333333334,
    "last_epoch": 19,
    "train_time_per_epoch": 0.4873553200771934
  },
  "split 2": {
    "train_losses": [
      1.7943302790323894,
      1.7927481532096863,
      1.7930887341499329,
      1.7903838952382405,
      1.7911431193351746,
      1.790178914864858,
      1.7892727851867676,
      1.7888275980949402,
      1.7839311758677165,
      1.777383824189504,
      1.7771385113398235,
      1.771414081255595,
      1.7551664511362712,
      1.751466194788615,
      1.7413704792658489,
      1.7468064228693645,
      1.7463428775469463,
      1.7429941693941753,
      1.742333988348643,
      1.7494943936665852,
      1.7480230331420898,
      1.7493465145428975,
      1.7579217553138733,
      1.7430033087730408,
      1.7546486457188923,
      1.7379743456840515,
      1.7356787323951721,
      1.7365091840426128,
      1.7304506301879883,
      1.7253057360649109,
      1.72493177652359,
      1.7315003871917725,
      1.7272253036499023
    ],
    "val_losses": [
      1.8008304238319397,
      1.803066372871399,
      1.803735375404358,
      1.8037296533584595,
      1.8034063577651978,
      1.805039882659912,
      1.8050161004066467,
      1.8025854229927063,
      1.8005122542381287,
      1.7952296733856201,
      1.7971472144126892,
      1.7955651879310608,
      1.7928579449653625,
      1.7917897701263428,
      1.7872844338417053,
      1.780554473400116,
      1.7674176096916199,
      1.762887954711914,
      1.7697678804397583,
      1.7808073163032532,
      1.7905353903770447,
      1.788127362728119,
      1.7958666682243347,
      1.7835500240325928,
      1.7919548749923706,
      1.781296730041504,
      1.7877238988876343,
      1.7865588665008545,
      1.7734045386314392,
      1.76873117685318,
      1.775166094303131,
      1.797373652458191,
      1.7667746543884277
    ],
    "train_accuracies": [
      0.18333333333333332,
      0.18333333333333332,
      0.18333333333333332,
      0.18333333333333332,
      0.18333333333333332,
      0.18333333333333332,
      0.18333333333333332,
      0.19722222222222222,
      0.20277777777777778,
      0.21666666666666667,
      0.2,
      0.2,
      0.225,
      0.21388888888888888,
      0.22777777777777777,
      0.24722222222222223,
      0.23055555555555557,
      0.2361111111111111,
      0.23055555555555557,
      0.21666666666666667,
      0.24444444444444444,
      0.24722222222222223,
      0.20277777777777778,
      0.20833333333333334,
      0.19722222222222222,
      0.23333333333333334,
      0.24166666666666667,
      0.24444444444444444,
      0.24166666666666667,
      0.2777777777777778,
      0.26944444444444443,
      0.24722222222222223,
      0.2833333333333333
    ],
    "val_accuracies": [
      0.10833333333333334,
      0.10833333333333334,
      0.10833333333333334,
      0.10833333333333334,
      0.10833333333333334,
      0.10833333333333334,
      0.10833333333333334,
      0.125,
      0.15,
      0.18333333333333332,
      0.175,
      0.16666666666666666,
      0.15833333333333333,
      0.16666666666666666,
      0.175,
      0.19166666666666668,
      0.18333333333333332,
      0.19166666666666668,
      0.175,
      0.175,
      0.24166666666666667,
      0.24166666666666667,
      0.15,
      0.16666666666666666,
      0.10833333333333334,
      0.15833333333333333,
      0.15833333333333333,
      0.14166666666666666,
      0.15,
      0.20833333333333334,
      0.20833333333333334,
      0.15,
      0.225
    ],
    "test_accuracy": 0.23333333333333334,
    "last_epoch": 33,
    "train_time_per_epoch": 0.5307636333234382
  },
  "split 3": {
    "train_losses": [
      1.7954259514808655,
      1.792794903119405,
      1.793949584166209,
      1.7925315697987874,
      1.7904874285062153,
      1.786073366800944,
      1.779712935288747,
      1.7730367183685303,
      1.7524200081825256,
      1.7422456940015156,
      1.7386902372042339,
      1.7396947741508484,
      1.7286327878634136,
      1.7284066875775654,
      1.7304275433222454,
      1.7320211132367451,
      1.7296076814333599,
      1.727897544701894,
      1.730676035086314,
      1.7297067443529766,
      1.7226105729738872,
      1.7281266649564107,
      1.6974003911018372,
      1.6936323046684265,
      1.6964261730511982,
      1.7005441188812256,
      1.7090519467989604,
      1.7037858764330547,
      1.720824400583903,
      1.714045266310374,
      1.709853986899058,
      1.7063161929448445,
      1.6884332100550334
    ],
    "val_losses": [
      1.7869232892990112,
      1.7874447107315063,
      1.7880640625953674,
      1.788468360900879,
      1.7889688611030579,
      1.7901924848556519,
      1.7904566526412964,
      1.7870028018951416,
      1.7743155360221863,
      1.773647129535675,
      1.7713236808776855,
      1.7673053741455078,
      1.7621495127677917,
      1.7690539360046387,
      1.7657868266105652,
      1.7656553983688354,
      1.7636401057243347,
      1.7584413290023804,
      1.757942020893097,
      1.747913658618927,
      1.7420657873153687,
      1.7593827843666077,
      1.746232807636261,
      1.7738264799118042,
      1.7633307576179504,
      1.7524014711380005,
      1.746890664100647,
      1.7531564831733704,
      1.7635406255722046,
      1.76296865940094,
      1.7559804916381836,
      1.7555791735649109,
      1.7510390877723694
    ],