{
  "alpha": "1e-2",
  "attention_heads": 2,
  "batch_size": 64,
  "convolution_layer": "GAT",
  "dataset": "ENZYMES",
  "deterministic_algorithms": true,
  "global_pooling_layer": "max",
  "local_pooling_layer": null,
  "lr": 0.005,
  "max_epochs": 200,
  "patience": 10,
  "split 1": {
    "train_losses": [
      1.7973947326342266,
      1.7981886466344197,
      1.7984750469525654,
      1.7964789668718975,
      1.7956750988960266,
      1.7892075975735982,
      1.783386468887329,
      1.7669427792231243,
      1.7531458536783855,
      1.7433804273605347,
      1.7347512046496074,
      1.726909061272939,
      1.7223151127497356,
      1.7219349543253581,
      1.7135839859644573,
      1.6983691255251567,
      1.6864901979764302,
      1.6890710194905598,
      1.695635735988617,
      1.6772385040918987,
      1.6581628918647766,
      1.6520580649375916,
      1.6696618795394897,
      1.6531384984652202,
      1.6630238095919292,
      1.670614222685496,
      1.6458023190498352,
      1.6648101011912029,
      1.648570438226064,
      1.6603383620580037,
      1.6542426149050395,
      1.6407461166381836,
      1.6326325138409932,
      1.6587350964546204,
      1.6846471230189006
    ],
    "val_losses": [
      1.8153651356697083,
      1.8108737468719482,
      1.8080134987831116,
      1.8058323860168457,
      1.8034145832061768,
      1.7996844053268433,
      1.7950322031974792,
      1.7851116061210632,
      1.7812981009483337,
      1.775474190711975,
      1.7678874731063843,
      1.7608641386032104,
      1.7598259449005127,
      1.7545524835586548,
      1.7560452818870544,
      1.7436034083366394,
      1.7447250485420227,
      1.7528228759765625,
      1.7693725228309631,
      1.7681410908699036,
      1.7442200183868408,
      1.7312880754470825,
      1.7175626158714294,
      1.7225551009178162,
      1.750433623790741,
      1.7645891904830933,
      1.7467303276062012,
      1.7498610019683838,
      1.7465834021568298,
      1.7625617980957031,
      1.7762957215309143,
      1.752183735370636,
      1.7355098128318787,
      1.7501744627952576,
      1.767396628856659
    ],
    "train_accuracies": [
      0.18333333333333332,
      0.18333333333333332,
      0.1638888888888889,
      0.16111111111111112,
      0.16944444444444445,
      0.20555555555555555,
      0.19166666666666668,
      0.19444444444444445,
      0.2,
      0.2361111111111111,
      0.24444444444444444,
      0.2638888888888889,
      0.275,
      0.3,
      0.3138888888888889,
      0.32222222222222224,
      0.3472222222222222,
      0.32222222222222224,
      0.3055555555555556,
      0.3638888888888889,
      0.36944444444444446,
      0.35833333333333334,
      0.36944444444444446,
      0.36666666666666664,
      0.33611111111111114,
      0.30277777777777776,
      0.37222222222222223,
      0.3055555555555556,
      0.38333333333333336,
      0.3527777777777778,
      0.3111111111111111,
      0.375,
      0.36944444444444446,
      0.3,
      0.2611111111111111
    ],
    "val_accuracies": [
      0.11666666666666667,
      0.11666666666666667,
      0.125,
      0.16666666666666666,
      0.13333333333333333,
      0.16666666666666666,
      0.10833333333333334,
      0.1,
      0.1,
      0.125,
      0.14166666666666666,
      0.14166666666666666,
      0.15833333333333333,
      0.18333333333333332,
      0.20833333333333334,
      0.225,
      0.21666666666666667,
      0.19166666666666668,
      0.2,
      0.23333333333333334,
      0.24166666666666667,
      0.23333333333333334,
      0.25833333333333336,
      0.2833333333333333,
      0.225,
      0.23333333333333334,
      0.24166666666666667,
      0.2,
      0.25833333333333336,
      0.275,
      0.275,
      0.25833333333333336,
      0.26666666666666666,
      0.25833333333333336,
      0.24166666666666667
    ],
    "test_accuracy": 0.2833333333333333,
    "last_epoch": 35,
    "train_time_per_epoch": 0.6836490290505546
  },
  "split 2": {
    "train_losses": [
      1.7932565410931904,
      1.7940118511517842,
      1.7903853853543599,
      1.7890497048695881,
      1.7851947744687398,
      1.7754064599672954,
      1.7660768429438274,
      1.7557904124259949,
      1.74930340051651,
      1.7419230540593464,
      1.7403531869252522,
      1.7363082965215046,
      1.7343474229176838,
      1.7327814300855,
      1.732732931772868,
      1.722931404908498,
      1.717904269695282,
      1.7176663676897685,
      1.7153220574061077,
      1.7159114082654316,
      1.70856777826945,
      1.714172104994456,
      1.719607651233673,
      1.7176038424173992,
      1.720111886660258,
      1.711333453655243,
      1.7067313591639202,
      1.7129895488421123,
      1.7129920522371929,
      1.7154974341392517,
      1.7088302373886108,
      1.7031000852584839,
      1.702715237935384,
      1.7075166900952656,
      1.7059714595476787,
      1.7077171802520752,
      1.7049520611763,
      1.699235737323761
    ],
    "val_losses": [
      1.821835994720459,
      1.8183969855308533,
      1.8148921728134155,
      1.8110384345054626,
      1.806475043296814,
      1.7932138442993164,
      1.782984972000122,
      1.7742374539375305,
      1.7692790031433105,
      1.761103630065918,
      1.7691872715950012,
      1.7683417797088623,
      1.7692365050315857,
      1.775128424167633,
      1.7623663544654846,
      1.7535394430160522,
      1.7507679462432861,
      1.7528761625289917,
      1.7570496201515198,
      1.7623572945594788,
      1.750484585762024,
      1.752869427204132,
      1.7545737624168396,
      1.7561416625976562,
      1.7609872817993164,
      1.7542760968208313,
      1.750709056854248,
      1.7517620921134949,
      1.7612992525100708,
      1.7559975981712341,
      1.7533740401268005,
      1.7567729949951172,
      1.7735517621040344,
      1.7732133269309998,
      1.7707859873771667,
      1.77857506275177,
      1.7554595470428467,
      1.7523523569107056
    ],
    "train_accuracies": [
      0.17222222222222222,
      0.17222222222222222,
      0.1638888888888889,
      0.21388888888888888,
      0.18888888888888888,
      0.23055555555555557,
      0.225,
      0.24444444444444444,
      0.2722222222222222,
      0.28055555555555556,
      0.24722222222222223,
      0.24166666666666667,
      0.24444444444444444,
      0.2361111111111111,
      0.25555555555555554,
      0.31666666666666665,
      0.3,
      0.28055555555555556,
      0.2638888888888889,
      0.2777777777777778,
      0.33055555555555555,
      0.3333333333333333,
      0.3,
      0.3333333333333333,
      0.29444444444444445,
      0.3388888888888889,
      0.33611111111111114,
      0.33055555555555555,
      0.325,
      0.3333333333333333,
      0.3416666666666667,
      0.3333333333333333,
      0.3194444444444444,
      0.3055555555555556,
      0.31666666666666665,
      0.2972222222222222,
      0.30833333333333335,
      0.30277777777777776
    ],
    "val_accuracies": [
      0.13333333333333333,
      0.13333333333333333,
      0.13333333333333333,
      0.20833333333333334,
      0.11666666666666667,
      0.19166666666666668,
      0.18333333333333332,
      0.21666666666666667,
      0.25833333333333336,
      0.15833333333333333,
      0.125,
      0.13333333333333333,
      0.14166666666666666,
      0.16666666666666666,
      0.18333333333333332,
      0.275,
      0.23333333333333334,
      0.225,
      0.2,
      0.20833333333333334,
      0.25833333333333336,
      0.25833333333333336,
      0.225,
      0.25833333333333336,
      0.19166666666666668,
      0.26666666666666666,
      0.275,
      0.25833333333333336,
      0.21666666666666667,
      0.25833333333333336,
      0.26666666666666666,
      0.225,
      0.19166666666666668,
      0.225,
      0.19166666666666668,
      0.175,
      0.2,
      0.24166666666666667
    ],
    "test_accuracy": 0.30833333333333335,
    "last_epoch": 38,