{
  "alpha": "1e-2",
  "attention_heads": 2,
  "batch_size": 64,
  "convolution_layer": "GAT",
  "dataset": "ENZYMES",
  "deterministic_algorithms": true,
  "global_pooling_layer": "mean",
  "local_pooling_layer": null,
  "lr": 0.005,
  "max_epochs": 200,
  "patience": 10,
  "split 1": {
    "train_losses": [
      1.7958552440007527,
      1.7958473960558574,
      1.7938537001609802,
      1.789104958375295,
      1.7833310961723328,
      1.7726472616195679,
      1.7640897035598755,
      1.7282663583755493,
      1.700386067231496,
      1.6711041927337646,
      1.685992995897929,
      1.6829879681269329,
      1.6741279760996501,
      1.643316388130188,
      1.6503497163454692,
      1.6751457055409749,
      1.6526880065600078,
      1.6484384735425313,
      1.6520890196164448,
      1.6075349847475688,
      1.60434486468633,
      1.6844319899876912,
      1.649940808614095,
      1.590966006120046,
      1.5941607356071472,
      1.5823574662208557,
      1.6002602179845173,
      1.58678142229716,
      1.6075660785039265,
      1.6271396080652873,
      1.586086372534434,
      1.6417641639709473,
      1.6519148747126262,
      1.5412430961926777,
      1.534864366054535,
      1.5500233173370361,
      1.5667646129926045
    ],
    "val_losses": [
      1.815200686454773,
      1.81128990650177,
      1.8105415105819702,
      1.8058375120162964,
      1.8064371943473816,
      1.80231511592865,
      1.8020731210708618,
      1.7904316782951355,
      1.778222680091858,
      1.769407331943512,
      1.791734516620636,
      1.7772564888000488,
      1.7686359286308289,
      1.7468692064285278,
      1.7887389063835144,
      1.823880672454834,
      1.7688912153244019,
      1.7610080242156982,
      1.7539787888526917,
      1.7429172992706299,
      1.766871690750122,
      1.814586341381073,
      1.75113046169281,
      1.7579808235168457,
      1.7835923433303833,
      1.7902576923370361,
      1.746171474456787,
      1.748814046382904,
      1.7681182026863098,
      1.8040926456451416,
      1.76481693983078,
      1.7508623600006104,
      1.7529397010803223,
      1.7370026111602783,
      1.7419919967651367,
      1.7234179973602295,
      1.7524306178092957
    ],
    "train_accuracies": [
      0.18333333333333332,
      0.18333333333333332,
      0.18333333333333332,
      0.17222222222222222,
      0.16111111111111112,
      0.18888888888888888,
      0.2,
      0.22777777777777777,
      0.24722222222222223,
      0.275,
      0.2916666666666667,
      0.2916666666666667,
      0.3,
      0.3,
      0.33611111111111114,
      0.3138888888888889,
      0.32222222222222224,
      0.33611111111111114,
      0.31666666666666665,
      0.3611111111111111,
      0.36944444444444446,
      0.3333333333333333,
      0.2916666666666667,
      0.35833333333333334,
      0.3527777777777778,
      0.3861111111111111,
      0.37222222222222223,
      0.36944444444444446,
      0.375,
      0.34444444444444444,
      0.3527777777777778,
      0.325,
      0.3277777777777778,
      0.38055555555555554,
      0.4,
      0.4083333333333333,
      0.3611111111111111
    ],
    "val_accuracies": [
      0.11666666666666667,
      0.11666666666666667,
      0.11666666666666667,
      0.1,
      0.1,
      0.125,
      0.125,
      0.15,
      0.19166666666666668,
      0.225,
      0.26666666666666666,
      0.25,
      0.25833333333333336,
      0.275,
      0.25,
      0.23333333333333334,
      0.25833333333333336,
      0.275,
      0.25833333333333336,
      0.3333333333333333,
      0.2833333333333333,
      0.2833333333333333,
      0.31666666666666665,
      0.35833333333333334,
      0.3333333333333333,
      0.375,
      0.35,
      0.3416666666666667,
      0.3333333333333333,
      0.2833333333333333,
      0.2833333333333333,
      0.275,
      0.2916666666666667,
      0.2916666666666667,
      0.30833333333333335,
      0.3333333333333333,
      0.30833333333333335
    ],
    "test_accuracy": 0.25,
    "last_epoch": 37,
    "train_time_per_epoch": 0.582028865814209
  },
  "split 2": {
    "train_losses": [
      1.792444388071696,
      1.7907399733861287,
      1.7878898183504741,
      1.7864466110865276,
      1.7823352217674255,
      1.7724959055582683,
      1.758540670077006,
      1.7415096561113994,
      1.7320026357968648,
      1.71274067958196,
      1.7048723498980205,
      1.701557993888855,
      1.6850142081578572,
      1.6905064980189006,
      1.672929286956787,
      1.6650019685427349,
      1.6651536623636882,
      1.7446372310320537,
      1.6777180234591167,
      1.6441635092099507,
      1.639722764492035
    ],
    "val_losses": [
      1.819573163986206,
      1.8076786398887634,
      1.800312340259552,
      1.7975095510482788,
      1.79097318649292,
      1.77753084897995,
      1.761641502380371,
      1.7468538880348206,
      1.744325578212738,
      1.7374115586280823,
      1.7265595197677612,
      1.709398329257965,
      1.729980230331421,
      1.7342926263809204,
      1.7313241958618164,
      1.7373436093330383,
      1.7713808417320251,
      1.8681670427322388,
      1.823931336402893,
      1.7720364332199097,
      1.7531184554100037
    ],
    "train_accuracies": [
      0.17222222222222222,
      0.17222222222222222,
      0.19722222222222222,
      0.18888888888888888,
      0.2,
      0.2111111111111111,
      0.225,
      0.2916666666666667,
      0.2722222222222222,
      0.2861111111111111,
      0.3138888888888889,
      0.28055555555555556,
      0.2972222222222222,
      0.28888888888888886,
      0.2972222222222222,
      0.2833333333333333,
      0.29444444444444445,
      0.24166666666666667,
      0.29444444444444445,
      0.30277777777777776,
      0.30833333333333335
    ],
    "val_accuracies": [
      0.13333333333333333,
      0.13333333333333333,
      0.2,
      0.2,
      0.21666666666666667,
      0.20833333333333334,
      0.20833333333333334,
      0.25,
      0.3,
      0.31666666666666665,
      0.24166666666666667,
      0.23333333333333334,
      0.20833333333333334,
      0.23333333333333334,
      0.26666666666666666,
      0.24166666666666667,
      0.25,
      0.15833333333333333,
      0.2,
      0.25,
      0.26666666666666666
    ],
    "test_accuracy": 0.225,
    "last_epoch": 21,
    "train_time_per_epoch": 0.4658331871032715
  },
  "split 3": {
    "train_losses": [
      1.795059084892273,
      1.7893538276354473,
      1.7879515687624614,
      1.7835155129432678,
      1.779618740081787,
      1.7684019009272258,
      1.7518643538157146,
      1.7321352362632751,
      1.7087622284889221,
      1.7093270818392436,
      1.7142106294631958,
      1.694609820842743,
      1.792327920595805,
      1.7795947790145874,
      1.6495754917462666,
      1.6714752912521362,
      1.684999664624532,
      1.6709941625595093,
      1.6560557285944622,
      1.6475579539934795,
      1.669388751188914
    ],
    "val_losses": [
      1.8022354245185852,
      1.7999258637428284,
      1.7993783354759216,
      1.7982415556907654,
      1.7947688698768616,
      1.7815642952919006,
      1.76933354139328,
      1.7627418637275696,
      1.745457112789154,
      1.7304169535636902,
      1.7373034954071045,
      1.7309242486953735,
      1.8120805025100708,
      1.8225462436676025,
      1.7127484679222107,
      1.7303774952888489,
      1.742953896522522,
      1.7474212646484375,
      1.7542189955711365,
      1.7645534873008728,
      1.7768895030021667
    ],