{
  "alpha": "1e-2",
  "attention_heads": 2,
  "batch_size": 64,
  "convolution_layer": "GCN",
  "dataset": "ENZYMES",
  "deterministic_algorithms": true,
  "global_pooling_layer": "mean",
  "local_pooling_layer": null,
  "lr": 0.005,
  "max_epochs": 200,
  "patience": 10,
  "split 1": {
    "train_losses": [
      1.7891157666842143,
      1.7872255841890972,
      1.7878435452779133,
      1.7941954533259075,
      1.786339819431305,
      1.7688324650128682,
      1.7477246522903442,
      1.721940020720164,
      1.7098395824432373,
      1.7032471696535747,
      1.695759892463684,
      1.6940395832061768,
      1.6967976888020833,
      1.6838013728459675,
      1.6794404188791912,
      1.6779757936795552,
      1.674706796805064,
      1.6717671751976013,
      1.671993573506673,
      1.6663231054941814,
      1.655908187230428,
      1.6524884899457295,
      1.6664745807647705,
      1.6812401016553242,
      1.6953390041987102,
      1.684226155281067,
      1.6529434521993,
      1.6499698758125305,
      1.6353155771891277,
      1.6495421727498372,
      1.6394068400065105,
      1.639012098312378,
      1.6439260641733806,
      1.6311391790707905
    ],
    "val_losses": [
      1.8010798692703247,
      1.8111332058906555,
      1.8362582325935364,
      1.862684726715088,
      1.866260051727295,
      1.8547210097312927,
      1.8313866257667542,
      1.809532880783081,
      1.8097001910209656,
      1.810379981994629,
      1.7967137694358826,
      1.7920400500297546,
      1.7892212271690369,
      1.7753642797470093,
      1.7799595594406128,
      1.7819282412528992,
      1.783444881439209,
      1.780187726020813,
      1.795137107372284,
      1.787598967552185,
      1.7832335829734802,
      1.7714025974273682,
      1.7880385518074036,
      1.7932440042495728,
      1.8178549408912659,
      1.8180434107780457,
      1.7942888140678406,
      1.7836562395095825,
      1.7963571548461914,
      1.8269962668418884,
      1.852752923965454,
      1.8556541800498962,
      1.8450646996498108,
      1.8576387166976929
    ],
    "train_accuracies": [
      0.17777777777777778,
      0.19444444444444445,
      0.19166666666666668,
      0.18888888888888888,
      0.18611111111111112,
      0.21388888888888888,
      0.21388888888888888,
      0.23333333333333334,
      0.24444444444444444,
      0.26666666666666666,
      0.2777777777777778,
      0.31666666666666665,
      0.3333333333333333,
      0.30833333333333335,
      0.30277777777777776,
      0.3055555555555556,
      0.3194444444444444,
      0.30833333333333335,
      0.2722222222222222,
      0.2833333333333333,
      0.325,
      0.33055555555555555,
      0.3638888888888889,
      0.3,
      0.30277777777777776,
      0.30833333333333335,
      0.3388888888888889,
      0.3416666666666667,
      0.3472222222222222,
      0.33055555555555555,
      0.3472222222222222,
      0.32222222222222224,
      0.325,
      0.3416666666666667
    ],
    "val_accuracies": [
      0.18333333333333332,
      0.13333333333333333,
      0.125,
      0.14166666666666666,
      0.14166666666666666,
      0.16666666666666666,
      0.15,
      0.14166666666666666,
      0.18333333333333332,
      0.2,
      0.24166666666666667,
      0.21666666666666667,
      0.23333333333333334,
      0.25833333333333336,
      0.24166666666666667,
      0.23333333333333334,
      0.225,
      0.21666666666666667,
      0.225,
      0.26666666666666666,
      0.2833333333333333,
      0.325,
      0.35,
      0.31666666666666665,
      0.2833333333333333,
      0.275,
      0.31666666666666665,
      0.30833333333333335,
      0.3,
      0.23333333333333334,
      0.24166666666666667,
      0.24166666666666667,
      0.24166666666666667,
      0.25833333333333336
    ],
    "test_accuracy": 0.3,
    "last_epoch": 34,
    "train_time_per_epoch": 0.20815874548519359
  },
  "split 2": {
    "train_losses": [
      1.792786677678426,
      1.78679754336675,
      1.7875879605611165,
      1.7812752326329548,
      1.763707160949707,
      1.7506122589111328,
      1.7390671968460083,
      1.729546030362447,
      1.725471317768097,
      1.7168423732121785,
      1.7060460845629375,
      1.7095890045166016,
      1.7043832143147786,
      1.7056151231129963,
      1.7015662988026936,
      1.7040196458498638,
      1.7024234135945637,
      1.6902955969174702,
      1.6964407364527385,
      1.701065440972646,
      1.6936201651891072,
      1.6941451629002888,
      1.6926472981770833,
      1.6928780873616536,
      1.6975869536399841,
      1.6927135785420735,
      1.6839455366134644,
      1.6868928869565327,
      1.6914055347442627,
      1.6856091618537903,
      1.6832937598228455,
      1.69281001885732,
      1.7044427990913391,
      1.6979313890139263,
      1.6785937150319417
    ],
    "val_losses": [
      1.7881677746772766,
      1.8034123182296753,
      1.8220704793930054,
      1.8237504363059998,
      1.8021710515022278,
      1.781111240386963,
      1.7645854353904724,
      1.76292222738266,
      1.7598392963409424,
      1.7580212950706482,
      1.7576655745506287,
      1.7565975189208984,
      1.761062741279602,
      1.7591943144798279,
      1.7554881572723389,
      1.7578850984573364,
      1.7532342672348022,
      1.7500844597816467,
      1.761719524860382,
      1.756735384464264,
      1.7571173906326294,
      1.744284987449646,
      1.7329450249671936,
      1.7270833849906921,
      1.7296037673950195,
      1.7329449653625488,
      1.7360844016075134,
      1.7316838502883911,
      1.7314053177833557,
      1.7264995574951172,
      1.7355956435203552,
      1.733923316001892,
      1.7528409361839294,
      1.756323218345642,
      1.7285569906234741
    ],
    "train_accuracies": [
      0.15,
      0.20555555555555555,
      0.20555555555555555,
      0.2222222222222222,
      0.21666666666666667,
      0.2388888888888889,
      0.25277777777777777,
      0.2638888888888889,
      0.2611111111111111,
      0.28888888888888886,
      0.26666666666666666,
      0.2777777777777778,
      0.275,
      0.275,
      0.26666666666666666,
      0.26944444444444443,
      0.2777777777777778,
      0.29444444444444445,
      0.2777777777777778,
      0.2861111111111111,
      0.29444444444444445,
      0.2916666666666667,
      0.2916666666666667,
      0.28888888888888886,
      0.29444444444444445,
      0.28888888888888886,
      0.3,
      0.2861111111111111,
      0.2861111111111111,
      0.31666666666666665,
      0.3,
      0.28055555555555556,
      0.28055555555555556,
      0.2916666666666667,
      0.3
    ],
    "val_accuracies": [
      0.19166666666666668,
      0.11666666666666667,
      0.125,
      0.125,
      0.125,
      0.15833333333333333,
      0.19166666666666668,
      0.19166666666666668,
      0.175,
      0.19166666666666668,
      0.20833333333333334,
      0.225,
      0.23333333333333334,
      0.225,
      0.2,
      0.21666666666666667,
      0.21666666666666667,
      0.225,
      0.2,
      0.21666666666666667,
      0.23333333333333334,
      0.25,
      0.24166666666666667,
      0.275,
      0.25833333333333336,
      0.23333333333333334,
      0.25833333333333336,
      0.21666666666666667,
      0.2,
      0.25833333333333336,
      0.25,
      0.26666666666666666,
      0.25833333333333336,
      0.25,
      0.25833333333333336
    ],
    "test_accuracy": 0.225,
    "last_epoch": 35,
    "train_time_per_epoch": 0.213658687046596
  },