{
  "alpha": "1e-2",
  "attention_heads": 2,
  "batch_size": 64,
  "convolution_layer": "GINConv",
  "dataset": "ENZYMES",
  "deterministic_algorithms": true,
  "global_pooling_layer": "max",
  "local_pooling_layer": "SAG",
  "lr": 0.005,
  "max_epochs": 200,
  "patience": 10,
  "split 1": {
    "train_losses": [
      1.80278613169988,
      1.8001455267270405,
      1.8000436623891194,
      1.7977628310521443,
      1.7962951461474101,
      1.7949413657188416,
      1.7928005854288738,
      1.79694797595342,
      1.79297931989034,
      1.791472593943278,
      1.7916075785954793,
      1.7963566382726033,
      1.7991599241892497,
      1.7905061443646748
    ],
    "val_losses": [
      1.8168674111366272,
      1.8113343715667725,
      1.8071122765541077,
      1.8043681383132935,
      1.8020711541175842,
      1.799957811832428,
      1.8015040159225464,
      1.7987714409828186,
      1.8018945455551147,
      1.8004955649375916,
      1.7997581958770752,
      1.8020099401474,
      1.8033838868141174,
      1.8039274215698242
    ],
    "train_accuracies": [
      0.18333333333333332,
      0.15833333333333333,
      0.1527777777777778,
      0.14444444444444443,
      0.14444444444444443,
      0.1527777777777778,
      0.14722222222222223,
      0.14166666666666666,
      0.18888888888888888,
      0.19722222222222222,
      0.18611111111111112,
      0.2,
      0.18611111111111112,
      0.19444444444444445
    ],
    "val_accuracies": [
      0.11666666666666667,
      0.175,
      0.19166666666666668,
      0.15833333333333333,
      0.16666666666666666,
      0.16666666666666666,
      0.15,
      0.18333333333333332,
      0.15,
      0.10833333333333334,
      0.13333333333333333,
      0.18333333333333332,
      0.15,
      0.15833333333333333
    ],
    "test_accuracy": 0.18333333333333332,
    "last_epoch": 14,
    "train_time_per_epoch": 0.35254677704402376
  },
  "split 2": {
    "train_losses": [
      1.795067270596822,
      1.7923683722813923,
      1.7921509146690369,
      1.7904783089955647,
      1.7913862268129985,
      1.7912773489952087,
      1.790796438852946,
      1.7847269773483276,
      1.7871798475583394,
      1.7883168458938599,
      1.7882078488667805,
      1.783801297346751,
      1.7859983444213867,
      1.7870150605837505,
      1.7863065799077351,
      1.7867823839187622,
      1.7855762044588726,
      1.7865711847941081,
      1.7881468335787456
    ],
    "val_losses": [
      1.8204641938209534,
      1.8175641894340515,
      1.8129687309265137,
      1.8052303791046143,
      1.803519070148468,
      1.8042048215866089,
      1.8079954385757446,
      1.80024254322052,
      1.8033985495567322,
      1.8067975640296936,
      1.8104386925697327,
      1.8082176446914673,
      1.8095970153808594,
      1.8105659484863281,
      1.806751310825348,
      1.8056962490081787,
      1.8091164827346802,
      1.812742292881012,
      1.808190941810608
    ],
    "train_accuracies": [
      0.17222222222222222,
      0.15,
      0.16944444444444445,
      0.16666666666666666,
      0.15,
      0.14722222222222223,
      0.14722222222222223,
      0.18611111111111112,
      0.21388888888888888,
      0.20833333333333334,
      0.18611111111111112,
      0.20277777777777778,
      0.18888888888888888,
      0.2222222222222222,
      0.21666666666666667,
      0.20833333333333334,
      0.21944444444444444,
      0.21666666666666667,
      0.20833333333333334
    ],
    "val_accuracies": [
      0.13333333333333333,
      0.18333333333333332,
      0.21666666666666667,
      0.20833333333333334,
      0.21666666666666667,
      0.18333333333333332,
      0.19166666666666668,
      0.23333333333333334,
      0.225,
      0.16666666666666666,
      0.15833333333333333,
      0.19166666666666668,
      0.14166666666666666,
      0.15833333333333333,
      0.16666666666666666,
      0.16666666666666666,
      0.11666666666666667,
      0.14166666666666666,
      0.14166666666666666
    ],
    "test_accuracy": 0.125,
    "last_epoch": 19,
    "train_time_per_epoch": 0.4077847882321006
  },
  "split 3": {
    "train_losses": [
      1.7944943308830261,
      1.7925177216529846,
      1.7916937470436096,
      1.7934882640838623,
      1.7935336232185364,
      1.790738542874654,
      1.79022483030955,
      1.7904058297475178,
      1.7906200885772705,
      1.7869958678881328,
      1.7862794796625774,
      1.7873128255208333,
      1.788379430770874,
      1.788748284180959,
      1.786625603834788,
      1.7890212535858154,
      1.7938813368479412,
      1.7955480615297954,
      1.7938175797462463,
      1.7959885001182556,
      1.7943790753682454,
      1.7868124047915142,
      1.8009082277615864,
      1.801986853281657,
      1.8028788963953655,
      1.8059945106506348,
      1.7891720136006672,
      1.7493970195452373,
      1.7429558436075847,
      1.8338333368301392,
      1.8149279554684956,
      1.838779906431834,
      1.8015291293462117,
      1.7986331184705098,
      1.7880309224128723,
      1.7954519589742024,
      1.7938431302706401,
      1.7938163876533508,
      1.7880914012591045
    ],
    "val_losses": [
      1.808327853679657,
      1.8104076981544495,
      1.8096594214439392,
      1.808605432510376,
      1.8091267943382263,
      1.8047518134117126,
      1.8052861094474792,
      1.8038756847381592,
      1.8030050992965698,
      1.799898624420166,
      1.7953991889953613,
      1.7944361567497253,
      1.796278476715088,
      1.7944952845573425,
      1.7924354672431946,
      1.7980901002883911,
      1.7983115315437317,
      1.7979034781455994,
      1.7919373512268066,
      1.793008804321289,
      1.7934801578521729,
      1.793114423751831,
      1.8028836250305176,
      1.8120784163475037,
      1.81083482503891,
      1.8168876767158508,
      1.8125218152999878,
      1.788737177848816,
      1.7931954860687256,
      1.8448155522346497,
      1.8701837658882141,
      1.855688989162445,
      1.8415517807006836,
      1.8319721221923828,
      1.813296914100647,
      1.813393771648407,
      1.8161232471466064,
      1.806143581867218,
      1.7975078225135803
    ],
    "train_accuracies": [
      0.16666666666666666,
      0.175,
      0.175,
      0.175,
      0.16944444444444445,
      0.16666666666666666,
      0.17222222222222222,
      0.16666666666666666,
      0.15555555555555556,
      0.16944444444444445,
      0.17222222222222222,
      0.16944444444444445,
      0.16666666666666666,
      0.14722222222222223,
      0.1527777777777778,
      0.14722222222222223,
      0.12777777777777777,
      0.18333333333333332,
      0.16666666666666666,
      0.16666666666666666,
      0.18333333333333332,
      0.17777777777777778,
      0.18055555555555555,
      0.19166666666666668,
      0.18611111111111112,
      0.18333333333333332,
      0.18888888888888888,
      0.2,
      0.2111111111111111,
      0.17222222222222222,
      0.20555555555555555,
      0.19722222222222222,
      0.21666666666666667,
      0.20833333333333334,
      0.2222222222222222,
      0.20277777777777778,
      0.18888888888888888,
      0.15833333333333333,
      0.1638888888888889
    ],