{
  "alpha": "1e-2",
  "attention_heads": 2,
  "batch_size": 64,
  "convolution_layer": "GAT",
  "dataset": "ENZYMES",
  "deterministic_algorithms": true,
  "global_pooling_layer": "mean",
  "local_pooling_layer": "SAG",
  "lr": 0.005,
  "max_epochs": 200,
  "patience": 10,
  "split 1": {
    "train_losses": [
      1.7976584434509277,
      1.797686239083608,
      1.7962993184725444,
      1.7943620483080547,
      1.7926482955614726,
      1.7893268863360088,
      1.7839017311731975,
      1.7784410913785298,
      1.7811911702156067,
      1.780122180779775,
      1.7774192094802856,
      1.7697848677635193,
      1.7721521854400635,
      1.770011802514394,
      1.769051730632782,
      1.7659627199172974,
      1.7613695462544758,
      1.755780537923177,
      1.7567923466364543,
      1.7555516163508098,
      1.7530826330184937
    ],
    "val_losses": [
      1.8024876117706299,
      1.8031591773033142,
      1.8026774525642395,
      1.8017966151237488,
      1.8030027747154236,
      1.8014638423919678,
      1.7992343306541443,
      1.7976661324501038,
      1.788686990737915,
      1.7844809889793396,
      1.8002843856811523,
      1.8062344193458557,
      1.8058544397354126,
      1.8116721510887146,
      1.8160387873649597,
      1.8211055994033813,
      1.81240576505661,
      1.8137176036834717,
      1.8096948266029358,
      1.8048903346061707,
      1.8118914365768433
    ],
    "train_accuracies": [
      0.16111111111111112,
      0.16111111111111112,
      0.16111111111111112,
      0.16111111111111112,
      0.16111111111111112,
      0.1638888888888889,
      0.20277777777777778,
      0.20555555555555555,
      0.21388888888888888,
      0.18888888888888888,
      0.18055555555555555,
      0.20833333333333334,
      0.21944444444444444,
      0.20555555555555555,
      0.21388888888888888,
      0.2222222222222222,
      0.2361111111111111,
      0.22777777777777777,
      0.2222222222222222,
      0.225,
      0.23333333333333334
    ],
    "val_accuracies": [
      0.15,
      0.15,
      0.15,
      0.15,
      0.15,
      0.15,
      0.15833333333333333,
      0.13333333333333333,
      0.16666666666666666,
      0.19166666666666668,
      0.15833333333333333,
      0.15833333333333333,
      0.10833333333333334,
      0.125,
      0.15,
      0.14166666666666666,
      0.13333333333333333,
      0.15,
      0.15,
      0.16666666666666666,
      0.16666666666666666
    ],
    "test_accuracy": 0.24166666666666667,
    "last_epoch": 21,
    "train_time_per_epoch": 0.4951264517647879
  },
  "split 2": {
    "train_losses": [
      1.7970900336901348,
      1.7957551678021748,
      1.7943626642227173,
      1.7938702702522278,
      1.791829764842987,
      1.7914545734723408,
      1.7885915438334148,
      1.7822209397951763,
      1.775641918182373,
      1.7728615204493205,
      1.7754679123560588,
      1.7677303751309712,
      1.764924168586731,
      1.7668476104736328,
      1.8195958534876506,
      1.8128312230110168,
      1.8018996318181355,
      1.7863935232162476,
      1.7826009392738342,
      1.7821749250094097,
      1.7773745656013489,
      1.7765466570854187,
      1.7762471437454224,
      1.7690860629081726,
      1.764976183573405,
      1.8094040155410767,
      1.8012914260228474,
      1.7835406263669331,
      1.7753944595654805,
      1.7700853149096172,
      1.7673276662826538,
      1.7629276911417644,
      1.7618600328763325,
      1.7574726343154907,
      1.754910449186961,
      1.7546134789784749,
      1.755235493183136,
      1.7531025409698486,
      1.752174397309621,
      1.7541791200637817,
      1.7880415717760723,
      1.7848025759061177,
      1.7849801381429036,
      1.7810888687769573,
      1.8009000420570374
    ],
    "val_losses": [
      1.810424029827118,
      1.810762345790863,
      1.8109893202781677,
      1.812637448310852,
      1.8114609718322754,
      1.8104016780853271,
      1.810916006565094,
      1.8088042736053467,
      1.8040022253990173,
      1.8027941584587097,
      1.8031163811683655,
      1.794681966304779,
      1.7964810729026794,
      1.7954608798027039,
      1.8566727042198181,
      1.8411626815795898,
      1.8236900568008423,
      1.8036862015724182,
      1.8002781867980957,
      1.800697386264801,
      1.7986004948616028,
      1.7993801832199097,
      1.8037213683128357,
      1.8030795454978943,
      1.7958672642707825,
      1.8252528309822083,
      1.8112775683403015,
      1.7952312231063843,
      1.7918521761894226,
      1.7874074578285217,
      1.7864633202552795,
      1.7791615724563599,
      1.7820987105369568,
      1.7824838161468506,
      1.7826210260391235,
      1.7823029160499573,
      1.782090425491333,
      1.783305287361145,
      1.7831663489341736,
      1.7900376319885254,
      1.8153952360153198,
      1.818239986896515,
      1.822235107421875,
      1.8219656348228455,
      1.8220957517623901
    ],
    "train_accuracies": [
      0.18333333333333332,
      0.18333333333333332,
      0.18333333333333332,
      0.18333333333333332,
      0.18333333333333332,
      0.18333333333333332,
      0.18888888888888888,
      0.19166666666666668,
      0.2111111111111111,
      0.2222222222222222,
      0.21944444444444444,
      0.2222222222222222,
      0.2111111111111111,
      0.2222222222222222,
      0.18333333333333332,
      0.18055555555555555,
      0.18333333333333332,
      0.19166666666666668,
      0.2,
      0.19722222222222222,
      0.2,
      0.19166666666666668,
      0.18333333333333332,
      0.19166666666666668,
      0.19444444444444445,
      0.18055555555555555,
      0.18611111111111112,
      0.18611111111111112,
      0.19722222222222222,
      0.2,
      0.21388888888888888,
      0.2222222222222222,
      0.20833333333333334,
      0.225,
      0.21944444444444444,
      0.23055555555555557,
      0.2222222222222222,
      0.21666666666666667,
      0.23333333333333334,
      0.24444444444444444,
      0.18611111111111112,
      0.2,
      0.20555555555555555,
      0.21388888888888888,
      0.17222222222222222
    ],
    "val_accuracies": [
      0.10833333333333334,
      0.10833333333333334,
      0.10833333333333334,
      0.10833333333333334,
      0.10833333333333334,
      0.10833333333333334,
      0.10833333333333334,
      0.1,
      0.11666666666666667,
      0.10833333333333334,
      0.09166666666666666,
      0.11666666666666667,
      0.125,
      0.13333333333333333,
      0.10833333333333334,
      0.10833333333333334,
      0.11666666666666667,
      0.11666666666666667,
      0.13333333333333333,
      0.13333333333333333,
      0.13333333333333333,
      0.125,
      0.11666666666666667,
      0.10833333333333334,
      0.09166666666666666,
      0.1,
      0.1,
      0.125,
      0.13333333333333333,
      0.11666666666666667,
      0.14166666666666666,
      0.14166666666666666,
      0.15833333333333333,
      0.15833333333333333,
      0.11666666666666667,
      0.125,
      0.125,
      0.11666666666666667,
      0.125,
      0.13333333333333333,
      0.125,
      0.11666666666666667,
      0.125,
      0.15,
      0.15
    ],
    "test_accuracy": 0.25,
    "last_epoch": 45,
    "train_time_per_epoch": 0.5453117211659749
  },