{
  "alpha": "1e-2",
  "attention_heads": 2,
  "batch_size": 64,
  "convolution_layer": "GCN",
  "dataset": "ENZYMES",
  "deterministic_algorithms": true,
  "global_pooling_layer": "mean",
  "local_pooling_layer": "SAG",
  "lr": 0.005,
  "max_epochs": 200,
  "patience": 10,
  "split 1": {
    "train_losses": [
      1.7979337573051453,
      1.7953198353449504,
      1.7949450214703877,
      1.794249415397644,
      1.791376491387685,
      1.7869601448376973,
      1.781777262687683,
      1.781253496805827,
      1.7775359352429707,
      1.7726409832636516,
      1.7747406164805095,
      1.7742802898089092,
      1.7733102440834045,
      1.7712487975756328
    ],
    "val_losses": [
      1.8012476563453674,
      1.8013744354248047,
      1.7991979122161865,
      1.7999958992004395,
      1.7985447645187378,
      1.7958054542541504,
      1.8013606071472168,
      1.8142765164375305,
      1.8242650628089905,
      1.836831271648407,
      1.8456887602806091,
      1.8679258823394775,
      1.8798288106918335,
      1.8736246228218079
    ],
    "train_accuracies": [
      0.16666666666666666,
      0.16666666666666666,
      0.16666666666666666,
      0.175,
      0.18333333333333332,
      0.18055555555555555,
      0.17777777777777778,
      0.16666666666666666,
      0.17222222222222222,
      0.18055555555555555,
      0.18611111111111112,
      0.20277777777777778,
      0.20833333333333334,
      0.2388888888888889
    ],
    "val_accuracies": [
      0.175,
      0.175,
      0.175,
      0.15833333333333333,
      0.14166666666666666,
      0.11666666666666667,
      0.1,
      0.1,
      0.10833333333333334,
      0.10833333333333334,
      0.1,
      0.125,
      0.16666666666666666,
      0.15833333333333333
    ],
    "test_accuracy": 0.15833333333333333,
    "last_epoch": 14,
    "train_time_per_epoch": 0.2976717438016619
  },
  "split 2": {
    "train_losses": [
      1.795034905274709,
      1.794921616713206,
      1.7949031392733257,
      1.7945919235547383,
      1.7887306213378906,
      1.7873174746831257,
      1.7834807634353638,
      1.777779718240102,
      1.7743422190348308,
      1.7726943691571553,
      1.769348720709483,
      1.7674054702123005,
      1.7589451273282368,
      1.7507960597674053,
      1.7497073809305828,
      1.742747962474823,
      1.7445544004440308,
      1.9364410837491353,
      1.8089515368143718,
      1.792590320110321,
      1.7814252376556396,
      1.7776962320009868,
      1.7759776711463928,
      1.7700985471407573,
      1.7722160816192627,
      1.7663273612658184,
      1.7679988940556843
    ],
    "val_losses": [
      1.7976332902908325,
      1.7982696294784546,
      1.7980919480323792,
      1.7998089790344238,
      1.8009838461875916,
      1.8020824193954468,
      1.80351722240448,
      1.8035263419151306,
      1.8040246367454529,
      1.8030344247817993,
      1.8019374012947083,
      1.798509418964386,
      1.7990906834602356,
      1.7931687235832214,
      1.794470489025116,
      1.7902005910873413,
      1.7908830046653748,
      1.880849301815033,
      1.8082802295684814,
      1.8235527873039246,
      1.820301592350006,
      1.8199868202209473,
      1.8193255066871643,
      1.8082180619239807,
      1.8039900660514832,
      1.8014531135559082,
      1.7892982363700867
    ],
    "train_accuracies": [
      0.15,
      0.15,
      0.13333333333333333,
      0.13333333333333333,
      0.15,
      0.14722222222222223,
      0.175,
      0.20277777777777778,
      0.20277777777777778,
      0.20833333333333334,
      0.21666666666666667,
      0.21944444444444444,
      0.23055555555555557,
      0.25,
      0.23055555555555557,
      0.25833333333333336,
      0.275,
      0.16944444444444445,
      0.20277777777777778,
      0.2361111111111111,
      0.2388888888888889,
      0.21388888888888888,
      0.2111111111111111,
      0.21388888888888888,
      0.24166666666666667,
      0.24166666666666667,
      0.24722222222222223
    ],
    "val_accuracies": [
      0.19166666666666668,
      0.19166666666666668,
      0.19166666666666668,
      0.16666666666666666,
      0.19166666666666668,
      0.175,
      0.15,
      0.16666666666666666,
      0.14166666666666666,
      0.15,
      0.13333333333333333,
      0.15833333333333333,
      0.18333333333333332,
      0.225,
      0.175,
      0.23333333333333334,
      0.20833333333333334,
      0.225,
      0.2,
      0.2,
      0.175,
      0.15833333333333333,
      0.15833333333333333,
      0.16666666666666666,
      0.16666666666666666,
      0.16666666666666666,
      0.21666666666666667
    ],
    "test_accuracy": 0.175,
    "last_epoch": 27,
    "train_time_per_epoch": 0.29781534053661207
  },
  "split 3": {
    "train_losses": [
      1.7976308266321819,
      1.793946365515391,
      1.7919512788454692,
      1.7930556138356526,
      1.7895254890124004,
      1.7822675704956055,
      1.7809627056121826,
      1.773709813753764,
      1.7727270523707073,
      1.7707653641700745,
      1.7643110156059265,
      1.7590880592664082,
      1.7567607363065083,
      1.7452892263730366,
      1.7332173784573872,
      1.7352302471796672,
      1.7339213291803997,
      1.7382575074831645,
      1.7413482666015625,
      1.738535225391388,
      1.7360700170199077,
      1.7241811156272888,
      1.721703787644704,
      1.7181278467178345,
      1.7229955593744914,
      1.7257455587387085,
      1.7207934856414795,
      1.7194495002428691,
      1.710386296113332,
      1.7107611894607544,
      1.7113297581672668,
      1.718833863735199,
      1.7166892290115356,
      1.7179846167564392,
      1.7170889576276143,
      1.7133234937985737,
      1.7109743158022563,
      1.7111175855000813,
      1.857738455136617,
      2.0834783911705017,
      1.8896920283635457,
      1.8223585685094197,
      1.7906236847241719,
      1.7819761435190837,
      1.793893078962962,
      1.777429421742757,
      1.782171905040741,
      1.782096525033315,
      1.7745025753974915,
      1.792075792948405,
      1.7844212651252747,
      1.7819070021311443
    ],
    "val_losses": [
      1.8104517459869385,
      1.8085254430770874,
      1.8064987063407898,
      1.8054149746894836,
      1.8064528107643127,
      1.8069502115249634,
      1.8057544231414795,
      1.806613028049469,
      1.805414855480194,
      1.806382656097412,
      1.8033446073532104,
      1.8027424216270447,
      1.8010317087173462,
      1.800071656703949,
      1.8018766641616821,
      1.799340844154358,
      1.8028327226638794,
      1.8134682178497314,
      1.8263874053955078,
      1.823951244354248,
      1.8230707049369812,
      1.8090428113937378,
      1.7934486865997314,
      1.7951675057411194,
      1.7869810461997986,
      1.7834610342979431,
      1.780500054359436,
      1.7787838578224182,
      1.7768118381500244,
      1.7774195075035095,
      1.7777302265167236,
      1.7797397375106812,
      1.774552047252655,
      1.78420752286911,
      1.7894765138626099,
      1.7824596762657166,
      1.7794610261917114,
      1.785121202468872,
      1.8420748710632324,
      2.000775456428528,
      1.8302251100540161,
      1.7949594259262085,
      1.7868236899375916,
      1.7886618971824646,
      1.7844139337539673,
      1.7844910621643066,
      1.7978047132492065,
      1.795366644859314,
      1.7907313108444214,
      1.8118219375610352,
      1.8030580878257751,
      1.8009464144706726
    ],