{
  "alpha": "1e-2",
  "attention_heads": 2,
  "batch_size": 64,
  "convolution_layer": "GCN",
  "dataset": "ENZYMES",
  "deterministic_algorithms": true,
  "global_pooling_layer": "max",
  "local_pooling_layer": "SAG",
  "lr": 0.005,
  "max_epochs": 200,
  "patience": 10,
  "split 1": {
    "train_losses": [
      1.7978369792302449,
      1.7950114806493123,
      1.7946091691652934,
      1.794452389081319,
      1.794317086537679,
      1.7928520043690999,
      1.7941814263661702,
      1.797136902809143,
      1.7942094206809998,
      1.791253884633382,
      1.7931769291559856,
      1.794009268283844,
      1.7945947647094727,
      1.790231426556905
    ],
    "val_losses": [
      1.801478385925293,
      1.8018177151679993,
      1.7997608184814453,
      1.8006705045700073,
      1.8003710508346558,
      1.8031395077705383,
      1.8030791282653809,
      1.8028826117515564,
      1.808398187160492,
      1.8228418231010437,
      1.8298783898353577,
      1.8531043529510498,
      1.8499756455421448,
      1.8389670252799988
    ],
    "train_accuracies": [
      0.16666666666666666,
      0.16666666666666666,
      0.16666666666666666,
      0.18611111111111112,
      0.18055555555555555,
      0.18611111111111112,
      0.18888888888888888,
      0.19166666666666668,
      0.19166666666666668,
      0.20277777777777778,
      0.2,
      0.18888888888888888,
      0.18888888888888888,
      0.19444444444444445
    ],
    "val_accuracies": [
      0.175,
      0.175,
      0.175,
      0.14166666666666666,
      0.13333333333333333,
      0.125,
      0.13333333333333333,
      0.125,
      0.125,
      0.14166666666666666,
      0.13333333333333333,
      0.15,
      0.15,
      0.15
    ],
    "test_accuracy": 0.15833333333333333,
    "last_epoch": 14,
    "train_time_per_epoch": 0.2977507455008371
  },
  "split 2": {
    "train_losses": [
      1.7949110269546509,
      1.795456329981486,
      1.7950501243273418,
      1.7933552662531536,
      1.7880901495615642,
      1.7850077152252197,
      1.7839369177818298,
      1.7837088108062744,
      1.7846012115478516,
      1.7761765718460083,
      1.7723129789034526,
      1.771612008412679,
      1.7711926301320393,
      1.7758753299713135,
      1.773581862449646
    ],
    "val_losses": [
      1.7973949313163757,
      1.7977904677391052,
      1.7973771691322327,
      1.7990428805351257,
      1.801393985748291,
      1.8016910552978516,
      1.8049612641334534,
      1.8126468658447266,
      1.8235117197036743,
      1.8226158022880554,
      1.8222986459732056,
      1.822437822818756,
      1.8304721117019653,
      1.8262786865234375,
      1.8182588815689087
    ],
    "train_accuracies": [
      0.15,
      0.15,
      0.13055555555555556,
      0.11944444444444445,
      0.20833333333333334,
      0.19722222222222222,
      0.18888888888888888,
      0.18055555555555555,
      0.18333333333333332,
      0.20277777777777778,
      0.21666666666666667,
      0.2,
      0.2,
      0.19722222222222222,
      0.19444444444444445
    ],
    "val_accuracies": [
      0.19166666666666668,
      0.19166666666666668,
      0.225,
      0.24166666666666667,
      0.18333333333333332,
      0.16666666666666666,
      0.15833333333333333,
      0.15,
      0.15,
      0.16666666666666666,
      0.175,
      0.16666666666666666,
      0.16666666666666666,
      0.15,
      0.19166666666666668
    ],
    "test_accuracy": 0.15833333333333333,
    "last_epoch": 15,
    "train_time_per_epoch": 0.3042742252349854
  },
  "split 3": {
    "train_losses": [
      1.7974909742673237,
      1.7936931649843852,
      1.7917760809262593,
      1.7935221592585247,
      1.7942893902460735,
      1.7969074249267578,
      1.799736201763153,
      1.803785761197408,
      1.8149608373641968,
      1.7972004612286885,
      1.7873442967732747,
      1.7778564890225728,
      1.7733062903086345,
      1.7660397092501323,
      1.7661931713422139,
      1.7557913263638814,
      1.7504253784815471,
      1.7520214915275574,
      1.7460453112920125,
      1.7526594996452332,
      1.7545337677001953,
      1.7518993020057678,
      1.7587192853291829
    ],
    "val_losses": [
      1.8105628490447998,
      1.8084788918495178,
      1.8060833811759949,
      1.803907573223114,
      1.803235113620758,
      1.8008211851119995,
      1.805066466331482,
      1.805578887462616,
      1.8043835163116455,
      1.8065316677093506,
      1.8005896210670471,
      1.796100676059723,
      1.7962130308151245,
      1.7959844470024109,
      1.7989776730537415,
      1.7928755283355713,
      1.7970615029335022,
      1.8005685210227966,
      1.803568720817566,
      1.8046303391456604,
      1.808268427848816,
      1.8097342252731323,
      1.8072692155838013
    ],
    "train_accuracies": [
      0.14722222222222223,
      0.14722222222222223,
      0.14722222222222223,
      0.18888888888888888,
      0.18888888888888888,
      0.19166666666666668,
      0.2,
      0.19444444444444445,
      0.19722222222222222,
      0.24444444444444444,
      0.25277777777777777,
      0.25,
      0.2722222222222222,
      0.275,
      0.26944444444444443,
      0.28055555555555556,
      0.275,
      0.29444444444444445,
      0.28888888888888886,
      0.2777777777777778,
      0.275,
      0.2861111111111111,
      0.2916666666666667
    ],
    "val_accuracies": [
      0.15833333333333333,
      0.15833333333333333,
      0.15833333333333333,
      0.15833333333333333,
      0.15833333333333333,
      0.175,
      0.175,
      0.175,
      0.175,
      0.2,
      0.23333333333333334,
      0.23333333333333334,
      0.225,
      0.225,
      0.225,
      0.20833333333333334,
      0.21666666666666667,
      0.21666666666666667,
      0.225,
      0.21666666666666667,
      0.21666666666666667,
      0.21666666666666667,
      0.20833333333333334
    ],
    "test_accuracy": 0.18333333333333332,
    "last_epoch": 23,
    "train_time_per_epoch": 0.29718593929124915
  },
  "nb_parameters": 1516,
  "mean_accuracy": 0.16666666666666666,
  "std_accuracy": 0.01178511301977579
}