{
  "alpha": "1e-2",
  "attention_heads": 2,
  "batch_size": 64,
  "convolution_layer": "GINConv",
  "dataset": "ENZYMES",
  "deterministic_algorithms": true,
  "global_pooling_layer": "mean",
  "local_pooling_layer": "TOPK",
  "lr": 0.005,
  "max_epochs": 200,
  "patience": 10,
  "split 1": {
    "train_losses": [
      1.7985963821411133,
      1.797579785188039,
      1.7966827352841694,
      1.7968235810597737,
      1.794968843460083,
      1.803463598092397,
      1.8084625204404194,
      1.8036767641703289,
      1.7924411098162334,
      1.7909757892290752,
      1.787794013818105,
      1.7886143326759338,
      1.7899949550628662,
      1.790055235226949,
      1.7897528012593586,
      1.789205531279246,
      1.789632002512614
    ],
    "val_losses": [
      1.7893592715263367,
      1.788467526435852,
      1.7873182892799377,
      1.7876690030097961,
      1.787345051765442,
      1.789199948310852,
      1.7898474335670471,
      1.7894877791404724,
      1.793241024017334,
      1.7901475429534912,
      1.7920424342155457,
      1.7934578657150269,
      1.7957773208618164,
      1.79656183719635,
      1.797087848186493,
      1.7964668273925781,
      1.7966768741607666
    ],
    "train_accuracies": [
      0.15555555555555556,
      0.15555555555555556,
      0.15555555555555556,
      0.15555555555555556,
      0.15555555555555556,
      0.14444444444444443,
      0.1388888888888889,
      0.15833333333333333,
      0.1638888888888889,
      0.16111111111111112,
      0.16944444444444445,
      0.18055555555555555,
      0.18333333333333332,
      0.18333333333333332,
      0.18611111111111112,
      0.18333333333333332,
      0.18333333333333332
    ],
    "val_accuracies": [
      0.19166666666666668,
      0.19166666666666668,
      0.19166666666666668,
      0.19166666666666668,
      0.19166666666666668,
      0.20833333333333334,
      0.2,
      0.18333333333333332,
      0.19166666666666668,
      0.15,
      0.1,
      0.10833333333333334,
      0.11666666666666667,
      0.11666666666666667,
      0.11666666666666667,
      0.11666666666666667,
      0.11666666666666667
    ],
    "test_accuracy": 0.15833333333333333,
    "last_epoch": 17,
    "train_time_per_epoch": 0.3301990593180937
  },
  "split 2": {
    "train_losses": [
      1.793110966682434,
      1.792974015076955,
      1.7905647953351338,
      1.7907306551933289,
      1.7893038590749104,
      1.78807532787323,
      1.7882278362909954,
      1.7867458661397297,
      1.7827717661857605,
      1.7806333502133687,
      1.7844695647557576,
      1.7859642505645752,
      1.7864321668942769,
      1.78821728626887,
      1.789340118567149,
      1.789082904656728,
      1.7849737803141277
    ],
    "val_losses": [
      1.7930116653442383,
      1.7955489754676819,
      1.7956573367118835,
      1.7965908646583557,
      1.7970847487449646,
      1.7979535460472107,
      1.8009363412857056,
      1.803384006023407,
      1.8097169399261475,
      1.8167545795440674,
      1.8067814111709595,
      1.8087437152862549,
      1.8079102039337158,
      1.8039482235908508,
      1.8076671957969666,
      1.8076733350753784,
      1.809223473072052
    ],
    "train_accuracies": [
      0.16666666666666666,
      0.16666666666666666,
      0.16666666666666666,
      0.16666666666666666,
      0.17222222222222222,
      0.17777777777777778,
      0.16666666666666666,
      0.16111111111111112,
      0.175,
      0.19722222222222222,
      0.19444444444444445,
      0.19444444444444445,
      0.19444444444444445,
      0.18333333333333332,
      0.18333333333333332,
      0.18055555555555555,
      0.18611111111111112
    ],
    "val_accuracies": [
      0.20833333333333334,
      0.20833333333333334,
      0.20833333333333334,
      0.20833333333333334,
      0.20833333333333334,
      0.21666666666666667,
      0.18333333333333332,
      0.2,
      0.14166666666666666,
      0.10833333333333334,
      0.11666666666666667,
      0.11666666666666667,
      0.11666666666666667,
      0.125,
      0.10833333333333334,
      0.11666666666666667,
      0.10833333333333334
    ],
    "test_accuracy": 0.11666666666666667,
    "last_epoch": 17,
    "train_time_per_epoch": 0.3348718530991498
  },
  "split 3": {
    "train_losses": [
      1.7915261785189311,
      1.7903183499972026,
      1.7892504930496216,
      1.7900773882865906,
      1.7882113854090373,
      1.7874086300532024,
      1.788479169209798,
      1.7887189586957295,
      1.787434458732605,
      1.7877155343691509,
      1.7884998718897502,
      1.7861381967862446,
      1.7860634724299114,
      1.7867546081542969,
      1.7874104380607605,
      1.788214425245921,
      1.7871226072311401,
      1.7880369822184246,
      1.7898908853530884,
      1.7825660705566406,
      1.7871304551760356,
      1.7859634757041931,
      1.7828639944394429
    ],
    "val_losses": [
      1.7977690696716309,
      1.7994810342788696,
      1.797131061553955,
      1.7959843277931213,
      1.7947822213172913,
      1.7960026264190674,
      1.7962164282798767,
      1.7991910576820374,
      1.7993727326393127,
      1.796954333782196,
      1.7961281538009644,
      1.796694278717041,
      1.799217402935028,
      1.7984492182731628,
      1.7977705001831055,
      1.796911358833313,
      1.7987475991249084,
      1.7997422814369202,
      1.801310420036316,
      1.802011251449585,
      1.801423192024231,
      1.8011674880981445,
      1.7957609295845032
    ],
    "train_accuracies": [
      0.175,
      0.175,
      0.175,
      0.175,
      0.2,
      0.23333333333333334,
      0.18888888888888888,
      0.18333333333333332,
      0.18611111111111112,
      0.19444444444444445,
      0.18611111111111112,
      0.19722222222222222,
      0.18333333333333332,
      0.18333333333333332,
      0.18888888888888888,
      0.19166666666666668,
      0.19166666666666668,
      0.18888888888888888,
      0.18333333333333332,
      0.18888888888888888,
      0.18888888888888888,
      0.18888888888888888,
      0.19166666666666668
    ],
    "val_accuracies": [
      0.14166666666666666,
      0.14166666666666666,
      0.14166666666666666,
      0.14166666666666666,
      0.15,
      0.15,
      0.14166666666666666,
      0.15,
      0.125,
      0.125,
      0.15833333333333333,
      0.16666666666666666,
      0.15833333333333333,
      0.15833333333333333,
      0.15833333333333333,
      0.15833333333333333,
      0.15,
      0.15833333333333333,
      0.15833333333333333,
      0.15833333333333333,
      0.15833333333333333,
      0.15833333333333333,
      0.15833333333333333
    ],
    "test_accuracy": 0.10833333333333334,
    "last_epoch": 23,
    "train_time_per_epoch": 0.3194676067518151
  },
  "nb_parameters": 4502,
  "mean_accuracy": 0.1277777777777778,
  "std_accuracy": 0.021872244094477248
}