{
  "alpha": "1e-2",
  "attention_heads": 2,
  "batch_size": 64,
  "convolution_layer": "GINConv",
  "dataset": "MUTAG",
  "deterministic_algorithms": true,
  "global_pooling_layer": "mean",
  "local_pooling_layer": null,
  "lr": 0.005,
  "max_epochs": 200,
  "patience": 10,
  "split 1": {
    "train_losses": [
      0.6572341918945312,
      0.657671332359314,
      0.6536982357501984,
      0.6495697796344757,
      0.6534249484539032,
      0.6478873491287231,
      0.6440502107143402,
      0.6305504441261292,
      0.6180509626865387,
      0.5925463736057281,
      0.5679450631141663,
      0.5379327833652496,
      0.5115386843681335,
      0.4785667210817337,
      0.4490952342748642,
      0.4309380352497101,
      0.38672104477882385,
      0.38133037090301514,
      0.3737614303827286,
      0.3728268891572952,
      0.36175936460494995,
      0.36222466826438904,
      0.37016431987285614,
      0.37004439532756805,
      0.3875334858894348,
      0.39883771538734436,
      0.4045953303575516,
      0.40370240807533264,
      0.3846300393342972,
      0.37448370456695557,
      0.3674963712692261
    ],
    "val_losses": [
      0.6652501821517944,
      0.6631976366043091,
      0.6618269085884094,
      0.6603384613990784,
      0.6593199968338013,
      0.6580199599266052,
      0.6538302898406982,
      0.6453626155853271,
      0.6325671076774597,
      0.6118928790092468,
      0.5912782549858093,
      0.5708567500114441,
      0.5523889660835266,
      0.5301623940467834,
      0.5154711008071899,
      0.502449095249176,
      0.49698323011398315,
      0.49984240531921387,
      0.5079396367073059,
      0.5211893320083618,
      0.5336481928825378,
      0.5406011939048767,
      0.5566527247428894,
      0.5737557411193848,
      0.5885717272758484,
      0.5996302962303162,
      0.598417341709137,
      0.6108068227767944,
      0.6027256846427917,
      0.5790674090385437,
      0.5776041150093079
    ],
    "train_accuracies": [
      0.6517857142857143,
      0.6517857142857143,
      0.6517857142857143,
      0.6517857142857143,
      0.6517857142857143,
      0.6517857142857143,
      0.6517857142857143,
      0.6517857142857143,
      0.6517857142857143,
      0.6517857142857143,
      0.7053571428571429,
      0.8125,
      0.7946428571428571,
      0.8125,
      0.8125,
      0.8125,
      0.8125,
      0.8125,
      0.8125,
      0.8125,
      0.8125,
      0.8125,
      0.8125,
      0.8214285714285714,
      0.8214285714285714,
      0.8214285714285714,
      0.8214285714285714,
      0.8214285714285714,
      0.8214285714285714,
      0.8214285714285714,
      0.8125
    ],
    "val_accuracies": [
      0.631578947368421,
      0.631578947368421,
      0.631578947368421,
      0.631578947368421,
      0.631578947368421,
      0.631578947368421,
      0.631578947368421,
      0.631578947368421,
      0.631578947368421,
      0.631578947368421,
      0.6052631578947368,
      0.7631578947368421,
      0.7631578947368421,
      0.7631578947368421,
      0.7631578947368421,
      0.7631578947368421,
      0.7631578947368421,
      0.7631578947368421,
      0.7631578947368421,
      0.7631578947368421,
      0.7368421052631579,
      0.7105263157894737,
      0.7105263157894737,
      0.6842105263157895,
      0.6842105263157895,
      0.6842105263157895,
      0.6842105263157895,
      0.6842105263157895,
      0.6842105263157895,
      0.7105263157894737,
      0.7105263157894737
    ],
    "test_accuracy": 0.8421052631578947,
    "last_epoch": 31,
    "train_time_per_epoch": 0.11850300142841955
  },
  "split 2": {
    "train_losses": [
      0.6635429263114929,
      0.6618445217609406,
      0.6621046960353851,
      0.6603032350540161,
      0.659424751996994,
      0.6515927910804749,
      0.6464489102363586,
      0.6183528006076813,
      0.5918661057949066,
      0.5561148226261139,
      0.5284164845943451,
      0.5141078978776932,
      0.5286852121353149,
      0.5408061146736145,
      0.56486976146698,
      0.601241409778595,
      0.6111242771148682,
      0.6068015545606613,
      0.6488377153873444,
      0.6513253748416901,
      0.6353845298290253,
      0.6207481324672699,
      0.6226902455091476,
      0.7266536056995392,
      0.7616608738899231,
      0.8261678218841553,
      0.9270474016666412,
      0.9161694645881653,
      0.9012991786003113,
      0.8909794390201569,
      0.898106724023819,
      0.8941131830215454,
      0.8166970908641815,
      0.851847380399704,
      0.7843256294727325,
      0.6838575303554535,
      0.5778161585330963,
      0.4764676094055176,
      0.441531777381897,
      0.4712364971637726,
      0.5292004644870758,
      0.6064766347408295,
      0.612661600112915,
      0.6061287224292755
    ],
    "val_losses": [
      0.6350036859512329,
      0.6307365894317627,
      0.6290218234062195,
      0.6253457069396973,
      0.6226438283920288,
      0.6154945492744446,
      0.6041828989982605,
      0.5722898244857788,
      0.5264734625816345,
      0.47587642073631287,
      0.4286198914051056,
      0.39143887162208557,
      0.37534424662590027,
      0.3712612986564636,
      0.3739964962005615,
      0.3795630931854248,
      0.37897640466690063,
      0.379023939371109,
      0.3869509696960449,
      0.3841972351074219,
      0.37606123089790344,
      0.36713942885398865,
      0.37188971042633057,
      0.3868381679058075,
      0.42149975895881653,
      0.4678863286972046,
      0.5390165448188782,
      0.5428329110145569,
      0.537929356098175,
      0.5400249361991882,
      0.557539701461792,
      0.5606315732002258,
      0.5107091069221497,
      0.4884749948978424,
      0.45091965794563293,
      0.39865657687187195,
      0.3465014100074768,
      0.31632736325263977,
      0.3084760308265686,
      0.31444770097732544,
      0.3374418318271637,
      0.36597731709480286,
      0.3784473240375519,
      0.36855918169021606
    ],
    "train_accuracies": [
      0.6339285714285714,
      0.6339285714285714,
      0.6339285714285714,
      0.6339285714285714,
      0.6339285714285714,
      0.6339285714285714,
      0.6339285714285714,
      0.6339285714285714,
      0.6339285714285714,
      0.6339285714285714,
      0.6339285714285714,
      0.6339285714285714,
      0.6339285714285714,
      0.6696428571428571,
      0.6607142857142857,
      0.6607142857142857,
      0.6517857142857143,
      0.6607142857142857,
      0.6607142857142857,
      0.6696428571428571,
      0.6964285714285714,
      0.7142857142857143,
      0.7142857142857143,
      0.7142857142857143,
      0.7232142857142857,
      0.7053571428571429,
      0.7321428571428571,
      0.7232142857142857,
      0.7232142857142857,
      0.7232142857142857,
      0.7321428571428571,
      0.7321428571428571,
      0.7410714285714286,
      0.75,
      0.7678571428571429,
      0.7767857142857143,
      0.7857142857142857,
      0.7589285714285714,
      0.8125,
      0.8035714285714286,
      0.8035714285714286,
      0.7678571428571429,
      0.75,
      0.7857142857142857
    ],