{
  "alpha": "1e-2",
  "attention_heads": 2,
  "batch_size": 64,
  "convolution_layer": "GINConv",
  "dataset": "MUTAG",
  "deterministic_algorithms": true,
  "global_pooling_layer": "max",
  "local_pooling_layer": null,
  "lr": 0.005,
  "max_epochs": 200,
  "patience": 10,
  "split 1": {
    "train_losses": [
      0.6635026335716248,
      0.6679469347000122,
      0.6681973338127136,
      0.6710548400878906,
      0.6762310564517975,
      0.6798896491527557,
      0.6731040179729462,
      0.6258741617202759,
      0.5526435673236847,
      0.478462278842926,
      0.43831731379032135,
      0.41348423063755035,
      0.41868264973163605,
      0.41582854092121124,
      0.407799556851387,
      0.4211851805448532,
      0.39750921726226807,
      0.39367280900478363,
      0.38169434666633606,
      0.38130176067352295,
      0.3735741674900055,
      0.3815646469593048,
      0.38915231823921204,
      0.37997233867645264,
      0.39753036201000214,
      0.3929160237312317,
      0.39990371465682983,
      0.3941096216440201,
      0.3911016136407852,
      0.3983532786369324,
      0.4063328355550766
    ],
    "val_losses": [
      0.6697694063186646,
      0.6714545488357544,
      0.6727299690246582,
      0.6758247017860413,
      0.6784186363220215,
      0.6824080944061279,
      0.6770380139350891,
      0.6381721496582031,
      0.5790455341339111,
      0.5226017832756042,
      0.48907214403152466,
      0.48689210414886475,
      0.49712106585502625,
      0.49603813886642456,
      0.49435123801231384,
      0.49149462580680847,
      0.49213042855262756,
      0.4827348291873932,
      0.4713805913925171,
      0.4625028371810913,
      0.45914679765701294,
      0.45852360129356384,
      0.45685914158821106,
      0.4584668278694153,
      0.45891299843788147,
      0.4581209123134613,
      0.46159738302230835,
      0.46243491768836975,
      0.46299242973327637,
      0.4681914448738098,
      0.4712820053100586
    ],
    "train_accuracies": [
      0.6517857142857143,
      0.6517857142857143,
      0.6517857142857143,
      0.6517857142857143,
      0.6517857142857143,
      0.6517857142857143,
      0.6517857142857143,
      0.8125,
      0.8125,
      0.8125,
      0.8125,
      0.8035714285714286,
      0.7946428571428571,
      0.8035714285714286,
      0.8035714285714286,
      0.8035714285714286,
      0.8035714285714286,
      0.7946428571428571,
      0.8125,
      0.8125,
      0.8303571428571429,
      0.8125,
      0.8125,
      0.8125,
      0.8125,
      0.8125,
      0.8125,
      0.8125,
      0.8125,
      0.8125,
      0.8125
    ],
    "val_accuracies": [
      0.631578947368421,
      0.631578947368421,
      0.631578947368421,
      0.631578947368421,
      0.631578947368421,
      0.631578947368421,
      0.631578947368421,
      0.7368421052631579,
      0.7631578947368421,
      0.7631578947368421,
      0.7631578947368421,
      0.7631578947368421,
      0.6842105263157895,
      0.6842105263157895,
      0.7368421052631579,
      0.7631578947368421,
      0.7631578947368421,
      0.7631578947368421,
      0.7631578947368421,
      0.7631578947368421,
      0.7368421052631579,
      0.6842105263157895,
      0.6842105263157895,
      0.6842105263157895,
      0.6842105263157895,
      0.6842105263157895,
      0.6842105263157895,
      0.6842105263157895,
      0.6842105263157895,
      0.6842105263157895,
      0.6842105263157895
    ],
    "test_accuracy": 0.8421052631578947,
    "last_epoch": 31,
    "train_time_per_epoch": 0.09223948755571919
  },
  "split 2": {
    "train_losses": [
      0.6678978204727173,
      0.6692540049552917,
      0.6702159345149994,
      0.6699625849723816,
      0.6716779470443726,
      0.6716403365135193,
      0.6758762001991272,
      0.6672244369983673,
      0.6381390690803528,
      0.5964843332767487,
      0.559004932641983,
      0.530181884765625,
      0.5170773565769196,
      0.5055504888296127,
      0.5071636885404587,
      0.5077804177999496,
      0.5000587552785873,
      0.4875709265470505,
      0.4893125146627426,
      0.4861721992492676,
      0.47739996016025543,
      0.4676235169172287,
      0.45285725593566895,
      0.46573270857334137,
      0.44703835248947144,
      0.43511782586574554,
      0.4414260983467102,
      0.4475267380475998,
      0.4573509842157364,
      0.46060411632061005,
      0.4535532742738724,
      0.45216214656829834,
      0.4411831200122833,
      0.45256148278713226,
      0.44788676500320435,
      0.4525713622570038,
      0.45106159150600433,
      0.46902790665626526,
      0.4812619835138321,
      0.49516840279102325,
      0.49720707535743713,
      0.4862651377916336,
      0.4804750084877014,
      0.44337350130081177,
      0.4425559788942337,
      0.4539705514907837,
      0.4582880586385727,
      0.4498587101697922,
      0.4520221948623657,
      0.45046672224998474,
      0.45301423966884613,
      0.46979452669620514,
      0.479098916053772,
      0.48337356746196747,
      0.47565916180610657,
      0.47071512043476105,
      0.45816950500011444,
      0.4747687578201294,
      0.4585705101490021,
      0.4573502093553543,
      0.44536706805229187,
      0.43839357793331146,
      0.44866396486759186,
      0.44005516171455383,
      0.43905502557754517,
      0.4261109530925751,
      0.4344966858625412
    ],
    "val_losses": [
      0.6450486183166504,
      0.6481350660324097,
      0.6487754583358765,
      0.6484300494194031,
      0.6506562232971191,
      0.6528053879737854,
      0.6565059423446655,
      0.6488128304481506,
      0.6034758687019348,
      0.5430555939674377,
      0.484330415725708,
      0.43435147404670715,
      0.39681991934776306,
      0.37155503034591675,
      0.355305016040802,
      0.3475024998188019,
      0.3378388583660126,
      0.3285558819770813,
      0.319856196641922,
      0.31484076380729675,
      0.30713120102882385,
      0.3014337122440338,
      0.2925442159175873,
      0.29005956649780273,
      0.2977302074432373,
      0.2977677881717682,
      0.2918897867202759,
      0.2896794080734253,
      0.2889775335788727,
      0.2880844473838806,
      0.2889106869697571,
      0.29179874062538147,
      0.2921257019042969,
      0.29623594880104065,
      0.3047756254673004,
      0.322348952293396,
      0.3512324392795563,
      0.3799592852592468,
      0.40083223581314087,
      0.4256258010864258,
      0.4196154773235321,
      0.4211044907569885,
      0.41022783517837524,
      0.3403874337673187,
      0.31266653537750244,
      0.3107381761074066,
      0.31607332825660706,
      0.3185776174068451,
      0.32743367552757263,
      0.33355021476745605,
      0.3498796820640564,
      0.3706827461719513,
      0.3906153440475464,
      0.39426088333129883,
      0.3912394642829895,
      0.3866256773471832,
      0.38090619444847107,
      0.3892934024333954,
      0.3751606047153473,
      0.35979607701301575,
      0.357526957988739,
      0.35877352952957153,
      0.3591775894165039,
      0.3489875793457031,
      0.32974788546562195,
      0.3122353255748749,
      0.3107386529445648
    ],