{
  "alpha": "1e-2",
  "attention_heads": 2,
  "batch_size": 64,
  "convolution_layer": "GCN",
  "dataset": "MUTAG",
  "deterministic_algorithms": true,
  "global_pooling_layer": "max",
  "local_pooling_layer": null,
  "lr": 0.005,
  "max_epochs": 200,
  "patience": 10,
  "split 1": {
    "train_losses": [
      0.7198438346385956,
      0.7018154263496399,
      0.6918046176433563,
      0.6797761619091034,
      0.6704093515872955,
      0.6580929458141327,
      0.6507155299186707,
      0.6445738077163696,
      0.6312735378742218,
      0.6288537681102753,
      0.6264786720275879,
      0.6138332486152649,
      0.6069654524326324,
      0.595742791891098,
      0.5936038196086884,
      0.5849868357181549,
      0.5789070129394531,
      0.5721340775489807,
      0.5763995945453644,
      0.5598816573619843,
      0.5618236362934113,
      0.5552617311477661,
      0.553053081035614,
      0.5451985001564026,
      0.5492110252380371,
      0.543884813785553,
      0.5404549837112427,
      0.540075033903122,
      0.5372384786605835,
      0.5343705415725708,
      0.5334205627441406,
      0.5312879979610443,
      0.5193077027797699,
      0.5318394303321838,
      0.5202273726463318
    ],
    "val_losses": [
      0.7159109711647034,
      0.6997043490409851,
      0.6910378932952881,
      0.681750476360321,
      0.6759737730026245,
      0.6682581305503845,
      0.6614862680435181,
      0.6559785604476929,
      0.6509295105934143,
      0.6458808779716492,
      0.6408460736274719,
      0.6360750794410706,
      0.6315743327140808,
      0.6282919645309448,
      0.6254695057868958,
      0.6231865286827087,
      0.6209122538566589,
      0.6182308793067932,
      0.6163108944892883,
      0.6137493252754211,
      0.6122276782989502,
      0.6105592846870422,
      0.6114993095397949,
      0.6118239164352417,
      0.6116172671318054,
      0.6090111136436462,
      0.6090335845947266,
      0.6097313761711121,
      0.6066610813140869,
      0.6039939522743225,
      0.60295170545578,
      0.6014485359191895,
      0.5986821055412292,
      0.5956609845161438,
      0.5913835167884827
    ],
    "train_accuracies": [
      0.3482142857142857,
      0.3482142857142857,
      0.4642857142857143,
      0.6517857142857143,
      0.6517857142857143,
      0.6517857142857143,
      0.6517857142857143,
      0.6517857142857143,
      0.6517857142857143,
      0.6517857142857143,
      0.6517857142857143,
      0.6517857142857143,
      0.6607142857142857,
      0.7232142857142857,
      0.7232142857142857,
      0.7232142857142857,
      0.7410714285714286,
      0.7321428571428571,
      0.7678571428571429,
      0.7678571428571429,
      0.7857142857142857,
      0.7857142857142857,
      0.7857142857142857,
      0.7857142857142857,
      0.7857142857142857,
      0.7857142857142857,
      0.7857142857142857,
      0.7857142857142857,
      0.7857142857142857,
      0.7857142857142857,
      0.7857142857142857,
      0.7857142857142857,
      0.7857142857142857,
      0.7857142857142857,
      0.7857142857142857
    ],
    "val_accuracies": [
      0.3684210526315789,
      0.3684210526315789,
      0.34210526315789475,
      0.631578947368421,
      0.631578947368421,
      0.631578947368421,
      0.631578947368421,
      0.631578947368421,
      0.631578947368421,
      0.631578947368421,
      0.631578947368421,
      0.631578947368421,
      0.631578947368421,
      0.6578947368421053,
      0.6578947368421053,
      0.631578947368421,
      0.6052631578947368,
      0.5789473684210527,
      0.631578947368421,
      0.6842105263157895,
      0.7631578947368421,
      0.7631578947368421,
      0.7631578947368421,
      0.7631578947368421,
      0.7368421052631579,
      0.7368421052631579,
      0.7368421052631579,
      0.7368421052631579,
      0.7368421052631579,
      0.7368421052631579,
      0.7368421052631579,
      0.7368421052631579,
      0.7368421052631579,
      0.7368421052631579,
      0.7368421052631579
    ],
    "test_accuracy": 0.7631578947368421,
    "last_epoch": 35,
    "train_time_per_epoch": 0.07339465277535574
  },
  "split 2": {
    "train_losses": [
      0.7097871601581573,
      0.6939504742622375,
      0.6827674806118011,
      0.672051876783371,
      0.6605680584907532,
      0.6549395024776459,
      0.649896889925003,
      0.643767774105072,
      0.6361682415008545,
      0.6333335638046265,
      0.6307607293128967,
      0.62432461977005,
      0.632586658000946,
      0.6177439987659454,
      0.6245693564414978,
      0.6141656339168549,
      0.6110389530658722,
      0.6094706952571869,
      0.5929459929466248,
      0.5965730845928192,
      0.5912575125694275,
      0.5872736275196075,
      0.5818884670734406,
      0.5762709677219391,
      0.5677171051502228,
      0.5623000860214233,
      0.5611964166164398,
      0.555608719587326,
      0.5512925088405609,
      0.5413216948509216,
      0.5372889637947083,
      0.5368252694606781,
      0.5311872959136963,
      0.5367296636104584
    ],
    "val_losses": [
      0.7224008440971375,
      0.697669506072998,
      0.6792759299278259,
      0.65876704454422,
      0.6409249305725098,
      0.6261278986930847,
      0.6143201589584351,
      0.6025184392929077,
      0.5934622287750244,
      0.5871071815490723,
      0.5799742341041565,
      0.5713707804679871,
      0.5663608312606812,
      0.5633217692375183,
      0.5600929856300354,
      0.5563265085220337,
      0.5520117282867432,
      0.5482897162437439,
      0.5429478287696838,
      0.5389738082885742,
      0.533251166343689,
      0.5276301503181458,
      0.5202494263648987,
      0.516064465045929,
      0.5130209922790527,
      0.5146912336349487,
      0.5183325409889221,
      0.5225910544395447,
      0.5270774960517883,
      0.535138726234436,
      0.5475621223449707,
      0.5550234317779541,
      0.5559898614883423,
      0.5528847575187683
    ],
    "train_accuracies": [
      0.36607142857142855,
      0.36607142857142855,
      0.6517857142857143,
      0.6339285714285714,
      0.6339285714285714,
      0.6339285714285714,
      0.6339285714285714,
      0.6339285714285714,
      0.6339285714285714,
      0.6339285714285714,
      0.6339285714285714,
      0.6339285714285714,
      0.6339285714285714,
      0.6339285714285714,
      0.6339285714285714,
      0.6339285714285714,
      0.6428571428571429,
      0.6517857142857143,
      0.6785714285714286,
      0.6875,
      0.6875,
      0.6875,
      0.6875,
      0.6964285714285714,
      0.7142857142857143,
      0.7142857142857143,
      0.7232142857142857,
      0.7321428571428571,
      0.7410714285714286,
      0.7589285714285714,
      0.7589285714285714,
      0.7589285714285714,
      0.7589285714285714,
      0.7589285714285714
    ],
    "val_accuracies": [
      0.2631578947368421,
      0.2631578947368421,
      0.7368421052631579,
      0.7368421052631579,
      0.7368421052631579,
      0.7368421052631579,
      0.7368421052631579,
      0.7368421052631579,
      0.7368421052631579,
      0.7368421052631579,
      0.7368421052631579,
      0.7368421052631579,
      0.7368421052631579,
      0.7368421052631579,
      0.7368421052631579,
      0.7368421052631579,
      0.7368421052631579,
      0.7631578947368421,
      0.7631578947368421,
      0.7631578947368421,
      0.7631578947368421,
      0.7631578947368421,
      0.7894736842105263,
      0.7631578947368421,
      0.7631578947368421,
      0.7368421052631579,
      0.7105263157894737,
      0.7105263157894737,
      0.7105263157894737,
      0.7105263157894737,
      0.7631578947368421,
      0.7631578947368421,
      0.7631578947368421,
      0.7368421052631579
    ],
    "test_accuracy": 0.6842105263157895,
    "last_epoch": 34,
    "train_time_per_epoch": 0.08161340741550221
  },