{
  "alpha": "1e-2",
  "attention_heads": 2,
  "batch_size": 64,
  "convolution_layer": "GAT",
  "dataset": "MUTAG",
  "deterministic_algorithms": true,
  "global_pooling_layer": "mean",
  "local_pooling_layer": null,
  "lr": 0.005,
  "max_epochs": 200,
  "patience": 10,
  "split 1": {
    "train_losses": [
      0.7335593998432159,
      0.7255207598209381,
      0.717367023229599,
      0.7099445164203644,
      0.7035540044307709,
      0.6981577277183533,
      0.6938459873199463,
      0.6880097985267639,
      0.6840986907482147,
      0.6778521835803986,
      0.6693662703037262,
      0.661827027797699,
      0.6577759087085724,
      0.6559147834777832,
      0.6497965455055237,
      0.6394889652729034,
      0.6159656345844269,
      0.5853314995765686,
      0.5406077653169632,
      0.5362609177827835,
      0.5274180769920349,
      0.5444344729185104,
      0.5733144879341125,
      0.5418894588947296,
      0.5184257179498672,
      0.504438117146492,
      0.49961818754673004,
      0.5164039731025696,
      0.5350465178489685,
      0.5620014369487762,
      0.5731240063905716,
      0.5752717554569244,
      0.5487327426671982,
      0.5419799834489822
    ],
    "val_losses": [
      0.7303041815757751,
      0.7205154895782471,
      0.7130807638168335,
      0.7069333791732788,
      0.7022241950035095,
      0.6981333494186401,
      0.6952665448188782,
      0.6921728849411011,
      0.6896219253540039,
      0.6856652498245239,
      0.6799124479293823,
      0.675315260887146,
      0.6729645729064941,
      0.6721168756484985,
      0.6688039302825928,
      0.6589480042457581,
      0.6412559747695923,
      0.6182337403297424,
      0.5983497500419617,
      0.5874557495117188,
      0.5841819643974304,
      0.5932292342185974,
      0.6180481314659119,
      0.5981103181838989,
      0.5781790018081665,
      0.5719524621963501,
      0.5724152326583862,
      0.5912866592407227,
      0.6274994015693665,
      0.657676637172699,
      0.6568875908851624,
      0.6645099520683289,
      0.655197024345398,
      0.6372489333152771
    ],
    "train_accuracies": [
      0.3482142857142857,
      0.3482142857142857,
      0.3482142857142857,
      0.3482142857142857,
      0.3482142857142857,
      0.3482142857142857,
      0.3482142857142857,
      0.6160714285714286,
      0.7321428571428571,
      0.7410714285714286,
      0.7410714285714286,
      0.75,
      0.7410714285714286,
      0.7410714285714286,
      0.75,
      0.75,
      0.75,
      0.75,
      0.75,
      0.7589285714285714,
      0.7678571428571429,
      0.7767857142857143,
      0.8125,
      0.7767857142857143,
      0.7767857142857143,
      0.7946428571428571,
      0.7946428571428571,
      0.7767857142857143,
      0.7678571428571429,
      0.7589285714285714,
      0.75,
      0.7589285714285714,
      0.7410714285714286,
      0.7321428571428571
    ],
    "val_accuracies": [
      0.3684210526315789,
      0.3684210526315789,
      0.3684210526315789,
      0.3684210526315789,
      0.3684210526315789,
      0.3684210526315789,
      0.3684210526315789,
      0.5526315789473685,
      0.631578947368421,
      0.6578947368421053,
      0.6578947368421053,
      0.6578947368421053,
      0.6578947368421053,
      0.6578947368421053,
      0.6578947368421053,
      0.6578947368421053,
      0.631578947368421,
      0.631578947368421,
      0.631578947368421,
      0.6578947368421053,
      0.7105263157894737,
      0.7368421052631579,
      0.7631578947368421,
      0.7368421052631579,
      0.7105263157894737,
      0.7368421052631579,
      0.7105263157894737,
      0.6842105263157895,
      0.6842105263157895,
      0.6842105263157895,
      0.6842105263157895,
      0.6842105263157895,
      0.6842105263157895,
      0.6842105263157895
    ],
    "test_accuracy": 0.7894736842105263,
    "last_epoch": 34,
    "train_time_per_epoch": 0.15392631642958698
  },
  "split 2": {
    "train_losses": [
      0.7309876084327698,
      0.7213129103183746,
      0.7098892629146576,
      0.7028914093971252,
      0.6972557008266449,
      0.6947155296802521,
      0.6928073763847351,
      0.6923766434192657,
      0.693821519613266,
      0.6969119608402252,
      0.7052409052848816,
      0.7140524983406067,
      0.7238321006298065,
      0.7222370803356171,
      0.7199506461620331,
      0.7210079431533813,
      0.7080381512641907,
      0.6946467161178589,
      0.6871121525764465,
      0.6587483584880829,
      0.6429221034049988,
      0.625148206949234,
      0.612503707408905,
      0.5939325094223022,
      0.5691121518611908,
      0.556928277015686,
      0.5373262763023376,
      0.5071679800748825,
      0.4981866776943207,
      0.5050297677516937,
      0.5011592954397202,
      0.4850330501794815,
      0.4844391494989395,
      0.49063074588775635,
      0.5032629072666168,
      0.4994707852602005,
      0.5126196444034576,
      0.5384387373924255,
      0.5739705562591553,
      0.6186409592628479
    ],
    "val_losses": [
      0.7558096051216125,
      0.7390826344490051,
      0.7231491804122925,
      0.7114220857620239,
      0.7031673192977905,
      0.6993182897567749,
      0.6989707946777344,
      0.700437605381012,
      0.703721284866333,
      0.7129948735237122,
      0.7252241373062134,
      0.7393180131912231,
      0.7548659443855286,
      0.7612102627754211,
      0.7601586580276489,
      0.759461522102356,
      0.7507649660110474,
      0.743229329586029,
      0.7293916940689087,
      0.703060507774353,
      0.6774159073829651,
      0.6671684384346008,
      0.6555558443069458,
      0.6205630898475647,
      0.5898244976997375,
      0.573254406452179,
      0.5542280077934265,
      0.5114516019821167,
      0.4927550256252289,
      0.504686176776886,
      0.5177714228630066,
      0.5079495906829834,
      0.5138734579086304,
      0.5205592513084412,
      0.5244560241699219,
      0.5362191200256348,
      0.5861467123031616,
      0.6385709643363953,
      0.7044996619224548,
      0.7674951553344727
    ],
    "train_accuracies": [
      0.36607142857142855,
      0.36607142857142855,
      0.36607142857142855,
      0.36607142857142855,
      0.36607142857142855,
      0.36607142857142855,
      0.36607142857142855,
      0.36607142857142855,
      0.36607142857142855,
      0.36607142857142855,
      0.36607142857142855,
      0.36607142857142855,
      0.36607142857142855,
      0.36607142857142855,
      0.36607142857142855,
      0.36607142857142855,
      0.36607142857142855,
      0.36607142857142855,
      0.48214285714285715,
      0.5535714285714286,
      0.6428571428571429,
      0.6517857142857143,
      0.6517857142857143,
      0.7053571428571429,
      0.7142857142857143,
      0.7232142857142857,
      0.7589285714285714,
      0.7410714285714286,
      0.7678571428571429,
      0.7321428571428571,
      0.75,
      0.7678571428571429,
      0.7946428571428571,
      0.7767857142857143,
      0.7589285714285714,
      0.7857142857142857,
      0.8125,
      0.7678571428571429,
      0.6785714285714286,
      0.5892857142857143
    ],