{
  "alpha": "1e-2",
  "attention_heads": 2,
  "batch_size": 64,
  "convolution_layer": "GINConv",
  "dataset": "PROTEINS",
  "deterministic_algorithms": true,
  "global_pooling_layer": "mean",
  "local_pooling_layer": null,
  "lr": 0.005,
  "max_epochs": 200,
  "patience": 10,
  "split 1": {
    "train_losses": [
      0.6697008013725281,
      0.6487608010118658,
      0.6251311789859425,
      0.6279505762186918,
      0.6228054816072638,
      0.611037400635806,
      0.6248776641759005,
      0.6089528040452437,
      0.6078683300451799,
      0.5994605422019958,
      0.6088930205865339,
      0.6061345501379534,
      0.6053688851269808,
      0.5942343717271631,
      0.6017773259769786,
      0.5969929207455028,
      0.6035694859244607,
      0.6022897037592801,
      0.5970870906656439,
      0.5932661999355663,
      0.5901278094811873,
      0.5895326137542725,
      0.5883080905134027,
      0.603454053401947,
      0.587824978611686,
      0.5906489003788341,
      0.5823385281996294,
      0.5965002829378302,
      0.5869628082622181,
      0.5926024371927435
    ],
    "val_losses": [
      0.6632267087697983,
      0.636125847697258,
      0.6294675469398499,
      0.616135448217392,
      0.622310146689415,
      0.5805437788367271,
      0.6019935011863708,
      0.6171469837427139,
      0.587342768907547,
      0.5825764685869217,
      0.585445299744606,
      0.5916737914085388,
      0.5928938537836075,
      0.5870992839336395,
      0.5796034038066864,
      0.5900696814060211,
      0.5923255831003189,
      0.58452408015728,
      0.5942487716674805,
      0.5905990600585938,
      0.5572585985064507,
      0.5831650048494339,
      0.5775507092475891,
      0.572438582777977,
      0.5787681713700294,
      0.5752539932727814,
      0.5617041885852814,
      0.5885534584522247,
      0.5933159738779068,
      0.5813619196414948
    ],
    "train_accuracies": [
      0.5952023988005997,
      0.6206896551724138,
      0.6431784107946027,
      0.6686656671664168,
      0.6851574212893553,
      0.6866566716641679,
      0.671664167916042,
      0.6806596701649176,
      0.6851574212893553,
      0.679160419790105,
      0.6911544227886057,
      0.6986506746626686,
      0.7061469265367316,
      0.719640179910045,
      0.6986506746626686,
      0.6836581709145427,
      0.7031484257871065,
      0.6881559220389805,
      0.7181409295352323,
      0.7091454272863568,
      0.697151424287856,
      0.7061469265367316,
      0.7091454272863568,
      0.6881559220389805,
      0.7031484257871065,
      0.704647676161919,
      0.7031484257871065,
      0.6941529235382309,
      0.6941529235382309,
      0.7166416791604198
    ],
    "val_accuracies": [
      0.6098654708520179,
      0.6322869955156951,
      0.6591928251121076,
      0.6681614349775785,
      0.7085201793721974,
      0.6995515695067265,
      0.6905829596412556,
      0.695067264573991,
      0.6905829596412556,
      0.7040358744394619,
      0.6905829596412556,
      0.6860986547085202,
      0.7309417040358744,
      0.7399103139013453,
      0.695067264573991,
      0.6771300448430493,
      0.6771300448430493,
      0.7309417040358744,
      0.7399103139013453,
      0.7130044843049327,
      0.7040358744394619,
      0.7174887892376681,
      0.7085201793721974,
      0.7174887892376681,
      0.7174887892376681,
      0.6860986547085202,
      0.7219730941704036,
      0.6905829596412556,
      0.695067264573991,
      0.7040358744394619
    ],
    "test_accuracy": 0.6547085201793722,
    "last_epoch": 30,
    "train_time_per_epoch": 0.4107558806737264
  },
  "split 2": {
    "train_losses": [
      0.6705782521854747,
      0.6293562704866583,
      0.6263604001565413,
      0.6087423129515215,
      0.600614152171395,
      0.6040594577789307,
      0.598607366735285,
      0.5992606011303988,
      0.585539769042622,
      0.5886428301984613,
      0.5876882401379672,
      0.581819003278559,
      0.5850702957673506,
      0.585028653795069,
      0.5763278359716589,
      0.5766806954687292,
      0.6082382581450723,
      0.591454419222745,
      0.5879623402248729,
      0.5894375389272516,
      0.5763360099358992,
      0.5856848494573073,
      0.5711328360167417,
      0.5818366218696941,
      0.5861924507401206,
      0.5944230448115956,
      0.5784946896813132,
      0.5656433620236136,
      0.5810627883130853,
      0.5669170347127047,
      0.5835175026546825,
      0.5802517912604592,
      0.5747620978138663,
      0.5728316307067871,
      0.5709406950257041,
      0.5721621025692333,
      0.5707585269754584,
      0.5755402120676908,
      0.5761522921648893,
      0.5714379982514814,
      0.5713755136186426,
      0.5677435994148254,
      0.5658669363368641,
      0.5703660195524042
    ],
    "val_losses": [
      0.6541539281606674,
      0.6390579342842102,
      0.6621085852384567,
      0.6305126994848251,
      0.6007996499538422,
      0.6082160174846649,
      0.6385084837675095,
      0.5969286784529686,
      0.6079604029655457,
      0.6146397888660431,
      0.5851127952337265,
      0.5868886113166809,
      0.5996636301279068,
      0.6320139765739441,
      0.6144123375415802,
      0.6261595338582993,
      0.6007931604981422,
      0.6080017983913422,
      0.6082907468080521,
      0.6244901418685913,
      0.6102893352508545,
      0.5919936299324036,
      0.6131853759288788,
      0.616394117474556,
      0.5980367064476013,
      0.5999052971601486,
      0.5972891002893448,
      0.590969517827034,
      0.5979464948177338,
      0.5894640535116196,
      0.6206633448600769,
      0.6064213067293167,
      0.6019214987754822,
      0.6003855913877487,
      0.6148218214511871,
      0.583705797791481,
      0.5930322408676147,
      0.5892357230186462,
      0.6124560981988907,
      0.6009797155857086,
      0.613987386226654,
      0.5938177704811096,
      0.5995938256382942,
      0.5842621028423309
    ],
    "train_accuracies": [
      0.5982008995502249,
      0.679160419790105,
      0.6686656671664168,
      0.6806596701649176,
      0.6866566716641679,
      0.6836581709145427,
      0.697151424287856,
      0.7106446776611695,
      0.7061469265367316,
      0.7061469265367316,
      0.704647676161919,
      0.7136431784107946,
      0.7151424287856072,
      0.7091454272863568,
      0.7136431784107946,
      0.7181409295352323,
      0.7061469265367316,
      0.719640179910045,
      0.7136431784107946,
      0.704647676161919,
      0.7226386806596702,
      0.7076461769115442,
      0.7256371814092953,
      0.7136431784107946,
      0.7061469265367316,
      0.7151424287856072,
      0.719640179910045,
      0.7181409295352323,
      0.7061469265367316,
      0.7226386806596702,
      0.7166416791604198,
      0.7106446776611695,
      0.719640179910045,
      0.7166416791604198,
      0.719640179910045,
      0.7286356821589205,
      0.7106446776611695,
      0.719640179910045,
      0.7181409295352323,
      0.7181409295352323,
      0.704647676161919,
      0.719640179910045,
      0.7241379310344828,
      0.7286356821589205
    ],