{
  "alpha": "1e-2",
  "attention_heads": 2,
  "batch_size": 64,
  "convolution_layer": "GCN",
  "dataset": "PROTEINS",
  "deterministic_algorithms": true,
  "global_pooling_layer": "max",
  "local_pooling_layer": "SAG",
  "lr": 0.005,
  "max_epochs": 200,
  "patience": 10,
  "split 1": {
    "train_losses": [
      0.6791391697796908,
      0.6740411845120516,
      0.6530728340148926,
      0.6362815553491766,
      0.6451373750513251,
      0.6354893771084872,
      0.6348450156775388,
      0.6343972086906433,
      0.6299437501213767,
      0.8202350356362083,
      0.6651279817927968,
      0.6394017284566705,
      0.6421244794672186,
      0.6405419165437872,
      0.6374562951651487,
      0.6445953900163824,
      0.6083476733077656
    ],
    "val_losses": [
      0.6764058470726013,
      0.6695229858160019,
      0.6545139849185944,
      0.6231633275747299,
      0.6336885541677475,
      0.6299446821212769,
      0.6475185751914978,
      0.649008572101593,
      0.6248928010463715,
      0.789579227566719,
      0.6820902675390244,
      0.6314710527658463,
      0.6326475292444229,
      0.6200811862945557,
      0.6181217730045319,
      0.6118985265493393,
      0.5990872532129288
    ],
    "train_accuracies": [
      0.5952023988005997,
      0.5967016491754122,
      0.6671664167916042,
      0.6806596701649176,
      0.6836581709145427,
      0.6836581709145427,
      0.6836581709145427,
      0.6881559220389805,
      0.6851574212893553,
      0.4077961019490255,
      0.6176911544227887,
      0.6536731634182908,
      0.6581709145427287,
      0.6731634182908546,
      0.6836581709145427,
      0.6911544227886057,
      0.7031484257871065
    ],
    "val_accuracies": [
      0.6098654708520179,
      0.6098654708520179,
      0.6681614349775785,
      0.6816143497757847,
      0.6816143497757847,
      0.6995515695067265,
      0.695067264573991,
      0.6905829596412556,
      0.695067264573991,
      0.4080717488789238,
      0.6053811659192825,
      0.6502242152466368,
      0.6457399103139013,
      0.6591928251121076,
      0.6771300448430493,
      0.6816143497757847,
      0.695067264573991
    ],
    "test_accuracy": 0.6547085201793722,
    "last_epoch": 17,
    "train_time_per_epoch": 1.210194699904498
  },
  "split 2": {
    "train_losses": [
      0.6792373765598644,
      0.6727708849039945,
      0.6564269228415056,
      0.6543792377818715,
      0.6626695665446195,
      0.6528665531765331,
      0.6537686857310209,
      0.6393402218818665,
      0.6263464309952476,
      0.6801918203180487,
      0.6937122290784662,
      0.6786975101991133,
      0.7293845469301398,
      0.7412987405603583,
      0.7039857452565973,
      0.686788634820418,
      0.6163952404802496,
      0.6702365008267489,
      0.7016567371108315,
      0.6305821212855253,
      0.6582379991357977,
      0.680613252249631,
      0.6797131950205023,
      0.675130080093037,
      0.695977276021784,
      0.709939414804632,
      0.7267648740248247,
      0.6755873452533375,
      0.6606966311281378,
      0.6697535569017584,
      0.6691083095290444
    ],
    "val_losses": [
      0.6715784966945648,
      0.6606308370828629,
      0.6606658548116684,
      0.6541098207235336,
      0.6644726097583771,
      0.6822557300329208,
      0.6463872790336609,
      0.6295917481184006,
      0.6081177145242691,
      0.7009195983409882,
      0.703404575586319,
      0.692112147808075,
      0.7013193517923355,
      0.7182974070310593,
      0.6966589540243149,
      0.6644799113273621,
      0.5901516824960709,
      0.6412200033664703,
      0.6595087796449661,
      0.6225590109825134,
      0.6421874612569809,
      0.6954661309719086,
      0.6869621276855469,
      0.6725908517837524,
      0.6976005882024765,
      0.7043590843677521,
      0.7496590167284012,
      0.679757222533226,
      0.6624788343906403,
      0.6636613756418228,
      0.677062138915062
    ],
    "train_accuracies": [
      0.5982008995502249,
      0.5982008995502249,
      0.6296851574212894,
      0.6431784107946027,
      0.6731634182908546,
      0.638680659670165,
      0.6911544227886057,
      0.7001499250374813,
      0.7271364317841079,
      0.5967016491754122,
      0.5862068965517241,
      0.6656671664167916,
      0.6506746626686657,
      0.6416791604197901,
      0.671664167916042,
      0.7001499250374813,
      0.7226386806596702,
      0.6926536731634183,
      0.7151424287856072,
      0.7226386806596702,
      0.6296851574212894,
      0.5472263868065967,
      0.512743628185907,
      0.5637181409295352,
      0.527736131934033,
      0.5142428785607196,
      0.512743628185907,
      0.6611694152923538,
      0.6866566716641679,
      0.6701649175412294,
      0.6581709145427287
    ],
    "val_accuracies": [
      0.6457399103139013,
      0.6457399103139013,
      0.6591928251121076,
      0.6591928251121076,
      0.6636771300448431,
      0.5739910313901345,
      0.6905829596412556,
      0.7040358744394619,
      0.7219730941704036,
      0.547085201793722,
      0.5426008968609866,
      0.5829596412556054,
      0.6278026905829597,
      0.6322869955156951,
      0.6591928251121076,
      0.6636771300448431,
      0.6995515695067265,
      0.6860986547085202,
      0.6995515695067265,
      0.726457399103139,
      0.6412556053811659,
      0.5560538116591929,
      0.5291479820627802,
      0.547085201793722,
      0.4977578475336323,
      0.484304932735426,
      0.4663677130044843,
      0.6995515695067265,
      0.7130044843049327,
      0.6771300448430493,
      0.6457399103139013
    ],
    "test_accuracy": 0.6905829596412556,
    "last_epoch": 31,
    "train_time_per_epoch": 1.1825296878814697
  },
  "split 3": {
    "train_losses": [
      0.6780132163654674,
      0.6689305738969282,
      0.6494050351056185,
      0.6494127241047946,
      0.652404709295793,
      0.6294132742014799,
      0.6372091553427957,
      0.6160417957739397,
      0.6330724250186573,
      0.6480690349232067,
      0.6334954554384405,
      0.6280973824587736,
      0.6317237127910961,
      0.6044383590871637,
      0.6362666650251909,
      0.6750904700972817,
      0.6799146641384471,
      0.6375911181623285,
      0.6538524952801791,
      0.6577837467193604,
      0.6592839360237122,
      0.6636905778538097,
      0.7824791507287459,
      0.6542927351864901,
      0.6555773290720853,
      0.6491698351773348,
      0.6118592809547078,
      0.6042182662270286
    ],
    "val_losses": [
      0.6763523668050766,
      0.6633791774511337,
      0.6409179866313934,
      0.6500860303640366,
      0.6482415795326233,
      0.6161701828241348,
      0.6158141493797302,
      0.6273493319749832,
      0.6289981305599213,
      0.6451060324907303,
      0.6399146616458893,
      0.6227583736181259,
      0.625086635351181,
      0.5786597728729248,
      0.6090469658374786,
      0.6731725186109543,
      0.5802103132009506,
      0.6000125855207443,
      0.6205033361911774,
      0.6135727912187576,
      0.6181246638298035,
      0.6331029534339905,
      0.7882773876190186,
      0.6534733921289444,
      0.6657491326332092,
      0.6290210783481598,
      0.6317045837640762,
      0.6072036027908325
    ],