{
  "alpha": "1e-2",
  "attention_heads": 2,
  "batch_size": 64,
  "convolution_layer": "GINConv",
  "dataset": "PROTEINS",
  "deterministic_algorithms": true,
  "global_pooling_layer": "max",
  "local_pooling_layer": null,
  "lr": 0.005,
  "max_epochs": 200,
  "patience": 10,
  "split 1": {
    "train_losses": [
      0.6763844815167513,
      0.6682491573420438,
      0.6468761942603372,
      0.6309526454318654,
      0.6562725576487455,
      0.6599568941376426,
      0.6393964182246815,
      0.6358722069046714,
      0.6372831734743986,
      0.651029808954759,
      0.6537837223573164,
      0.650078995661302,
      0.6555856953967701,
      0.6554593931544911,
      0.6534227728843689,
      0.6540467955849387,
      0.6502198847857389,
      0.6529011130332947,
      0.6531567790291526,
      0.6353767676786943
    ],
    "val_losses": [
      0.673052191734314,
      0.6682097911834717,
      0.6459277719259262,
      0.6250154674053192,
      0.6507743149995804,
      0.6554141044616699,
      0.6263316422700882,
      0.6299693137407303,
      0.6331200748682022,
      0.6472664624452591,
      0.6498706489801407,
      0.6496966183185577,
      0.6544392257928848,
      0.6583528816699982,
      0.6557362526655197,
      0.6546436250209808,
      0.6473042070865631,
      0.6494005024433136,
      0.6471882164478302,
      0.6334194839000702
    ],
    "train_accuracies": [
      0.5952023988005997,
      0.6146926536731634,
      0.6011994002998501,
      0.5952023988005997,
      0.6626686656671664,
      0.6851574212893553,
      0.7286356821589205,
      0.7166416791604198,
      0.7076461769115442,
      0.6926536731634183,
      0.6911544227886057,
      0.6836581709145427,
      0.656671664167916,
      0.6431784107946027,
      0.6476761619190404,
      0.6056971514242878,
      0.6296851574212894,
      0.6281859070464768,
      0.656671664167916,
      0.6986506746626686
    ],
    "val_accuracies": [
      0.6098654708520179,
      0.6502242152466368,
      0.6322869955156951,
      0.6098654708520179,
      0.7309417040358744,
      0.7488789237668162,
      0.7399103139013453,
      0.7533632286995515,
      0.7757847533632287,
      0.6816143497757847,
      0.6905829596412556,
      0.6905829596412556,
      0.6412556053811659,
      0.6322869955156951,
      0.6367713004484304,
      0.6098654708520179,
      0.6412556053811659,
      0.6412556053811659,
      0.6591928251121076,
      0.6905829596412556
    ],
    "test_accuracy": 0.6771300448430493,
    "last_epoch": 20,
    "train_time_per_epoch": 0.43023505210876467
  },
  "split 2": {
    "train_losses": [
      0.677265546538613,
      0.6507003036412325,
      0.6340381286361001,
      0.6161831346425143,
      0.6200667565519159,
      0.6162339340556752,
      0.6292103312232278,
      0.617526650428772,
      0.6104796637188304,
      0.6209246407855641,
      0.6101411255923185,
      0.6109257502989336,
      0.5920974937352267,
      0.6189664331349459,
      0.6426359577612444,
      0.6011852134357799,
      0.6378336711363359,
      0.6282885616475885,
      0.589488993991505,
      0.6124070449308916,
      0.6067230701446533,
      0.6566698930480264,
      0.6089029637250033,
      0.6072744022716176
    ],
    "val_losses": [
      0.6650104820728302,
      0.6457509398460388,
      0.6333584636449814,
      0.614196240901947,
      0.6116179525852203,
      0.6054090559482574,
      0.628730982542038,
      0.6072903871536255,
      0.609884038567543,
      0.6228614300489426,
      0.6037847995758057,
      0.6101299971342087,
      0.5869799703359604,
      0.6266960352659225,
      0.654193252325058,
      0.6221562474966049,
      0.6558016836643219,
      0.645527184009552,
      0.6027214080095291,
      0.6326942890882492,
      0.6324075758457184,
      0.6796761751174927,
      0.6316884607076645,
      0.6139776408672333
    ],
    "train_accuracies": [
      0.5982008995502249,
      0.6221889055472264,
      0.6836581709145427,
      0.664167916041979,
      0.697151424287856,
      0.7076461769115442,
      0.7241379310344828,
      0.7211394302848576,
      0.7271364317841079,
      0.7376311844077961,
      0.719640179910045,
      0.7346326836581709,
      0.7391304347826086,
      0.7421289355322339,
      0.7016491754122939,
      0.7361319340329835,
      0.7061469265367316,
      0.7136431784107946,
      0.7451274362818591,
      0.719640179910045,
      0.7256371814092953,
      0.6251874062968515,
      0.7436281859070465,
      0.7331334332833583
    ],
    "val_accuracies": [
      0.6457399103139013,
      0.6681614349775785,
      0.6636771300448431,
      0.6816143497757847,
      0.7040358744394619,
      0.7130044843049327,
      0.695067264573991,
      0.6995515695067265,
      0.695067264573991,
      0.7040358744394619,
      0.7130044843049327,
      0.7085201793721974,
      0.7309417040358744,
      0.7219730941704036,
      0.6412556053811659,
      0.7130044843049327,
      0.6322869955156951,
      0.6860986547085202,
      0.6816143497757847,
      0.695067264573991,
      0.7040358744394619,
      0.5560538116591929,
      0.7130044843049327,
      0.7174887892376681
    ],
    "test_accuracy": 0.6771300448430493,
    "last_epoch": 24,
    "train_time_per_epoch": 0.4311225712299347
  },
  "split 3": {
    "train_losses": [
      0.6730567867105658,
      0.6769026842984286,
      0.6624851497736844,
      0.6675886891104958,
      0.6423326893286272,
      0.63238248499957,
      0.6555201627991416,
      0.6451097184961493,
      0.6183007955551147,
      0.6271500316533175,
      0.6235330971804532,
      0.6317633227868513,
      0.6258815472776239,
      0.6331300843845714,
      0.6137842698530718,
      0.6362508318640969,
      0.6653249805623834,
      0.6242380575700239,
      0.6420339129187844,
      0.6377246867526661,
      0.6643027717416937,
      0.6670869913968173
    ],
    "val_losses": [
      0.6720731556415558,
      0.6741287410259247,
      0.6642154604196548,
      0.6643137037754059,
      0.6421551704406738,
      0.6219621002674103,
      0.6486993283033371,
      0.6401326507329941,
      0.6184991896152496,
      0.6206597685813904,
      0.6296249032020569,
      0.6469383984804153,
      0.6384286284446716,
      0.6349546909332275,
      0.621600553393364,
      0.6493977755308151,
      0.681116908788681,
      0.6319866627454758,
      0.6416296064853668,
      0.6420347541570663,
      0.6714401394128799,
      0.6627487242221832
    ],
    "train_accuracies": [
      0.5982008995502249,
      0.6041979010494752,
      0.6281859070464768,
      0.6296851574212894,
      0.7091454272863568,
      0.7151424287856072,
      0.6851574212893553,
      0.7151424287856072,
      0.7301349325337332,
      0.7106446776611695,
      0.7106446776611695,
      0.697151424287856,
      0.704647676161919,
      0.6866566716641679,
      0.6671664167916042,
      0.6581709145427287,
      0.5892053973013494,
      0.6701649175412294,
      0.6806596701649176,
      0.6626686656671664,
      0.6011994002998501,
      0.5877061469265368
    ],
    "val_accuracies": [
      0.6143497757847534,
      0.600896860986547,
      0.6278026905829597,
      0.6367713004484304,
      0.7130044843049327,
      0.726457399103139,
      0.695067264573991,
      0.6860986547085202,
      0.7085201793721974,
      0.7219730941704036,
      0.726457399103139,
      0.6547085201793722,
      0.6860986547085202,
      0.6412556053811659,
      0.6322869955156951,
      0.6322869955156951,
      0.5605381165919282,
      0.6681614349775785,
      0.695067264573991,
      0.6547085201793722,
      0.6322869955156951,
      0.6322869955156951
    ],
    "test_accuracy": 0.6591928251121076,
    "last_epoch": 22,
    "train_time_per_epoch": 0.4388041713021018
  },
  "nb_parameters": 4386,
  "mean_accuracy": 0.6711509715994021,
  "std_accuracy": 0.008455686471587984
}