{
  "alpha": "1e-2",
  "attention_heads": 2,
  "batch_size": 64,
  "convolution_layer": "GAT",
  "dataset": "PROTEINS",
  "deterministic_algorithms": true,
  "global_pooling_layer": "mean",
  "local_pooling_layer": "SAG",
  "lr": 0.005,
  "max_epochs": 200,
  "patience": 10,
  "split 1": {
    "train_losses": [
      0.6750288063829596,
      0.6744891459291632,
      0.6706552342935042,
      0.6685693805867975,
      0.653233219276775,
      0.6565673026171598,
      0.6551493460481818,
      0.6292314637791027,
      0.6209128444845026,
      0.6239844072948803,
      0.6199466369368813,
      0.6316608569838784,
      0.6231300993399187,
      0.6329886263067072,
      0.6280045346780256,
      0.6206978884610262,
      0.627300045707009,
      0.6118771758946505,
      0.724039457061074,
      0.66397855498574
    ],
    "val_losses": [
      0.6653065085411072,
      0.6649931073188782,
      0.6666159629821777,
      0.6626687049865723,
      0.6305747479200363,
      0.6430817246437073,
      0.6401141136884689,
      0.6077276319265366,
      0.6149455904960632,
      0.6024895310401917,
      0.6007597595453262,
      0.6127002388238907,
      0.6010347008705139,
      0.598817989230156,
      0.6124800443649292,
      0.5801934748888016,
      0.5995245575904846,
      0.6077307760715485,
      0.7215118259191513,
      0.6525736153125763
    ],
    "train_accuracies": [
      0.5952023988005997,
      0.5952023988005997,
      0.5952023988005997,
      0.5952023988005997,
      0.6296851574212894,
      0.6011994002998501,
      0.6266866566716641,
      0.656671664167916,
      0.6521739130434783,
      0.6536731634182908,
      0.6611694152923538,
      0.6596701649175413,
      0.6731634182908546,
      0.6611694152923538,
      0.6491754122938531,
      0.664167916041979,
      0.6656671664167916,
      0.6746626686656672,
      0.5937031484257871,
      0.5982008995502249
    ],
    "val_accuracies": [
      0.6098654708520179,
      0.6098654708520179,
      0.6098654708520179,
      0.6098654708520179,
      0.6502242152466368,
      0.6233183856502242,
      0.6502242152466368,
      0.695067264573991,
      0.7040358744394619,
      0.695067264573991,
      0.695067264573991,
      0.695067264573991,
      0.695067264573991,
      0.6995515695067265,
      0.6591928251121076,
      0.6860986547085202,
      0.6771300448430493,
      0.6905829596412556,
      0.6098654708520179,
      0.6098654708520179
    ],
    "test_accuracy": 0.6412556053811659,
    "last_epoch": 20,
    "train_time_per_epoch": 1.8629650235176087
  },
  "split 2": {
    "train_losses": [
      0.6761433427984064,
      0.67347313599153,
      0.6633493358438666,
      0.6471746997399763,
      0.6507863998413086,
      0.6364009163596414,
      0.6354570226235823,
      0.9638651826164939,
      0.6497928716919639,
      0.6072474067861383,
      0.6191019524227489,
      0.602044706994837,
      0.8019391894340515,
      0.707240879535675,
      0.6334287524223328,
      0.6114048036662015,
      0.5798697661269795,
      0.9026836807077582
    ],
    "val_losses": [
      0.6499050706624985,
      0.6478912383317947,
      0.6546787321567535,
      0.6427869498729706,
      0.6436819583177567,
      0.6392661482095718,
      0.6231705546379089,
      0.8242059946060181,
      0.6413256525993347,
      0.6080887913703918,
      0.6236983388662338,
      0.5958444401621819,
      0.7301676869392395,
      0.6667215675115585,
      0.6243877410888672,
      0.6058332026004791,
      0.6063757240772247,
      0.8673604875802994
    ],
    "train_accuracies": [
      0.5982008995502249,
      0.5982008995502249,
      0.6041979010494752,
      0.6296851574212894,
      0.6401799100449775,
      0.656671664167916,
      0.671664167916042,
      0.4362818590704648,
      0.6416791604197901,
      0.6806596701649176,
      0.6761619190404797,
      0.6746626686656672,
      0.5502248875562219,
      0.5982008995502249,
      0.5982008995502249,
      0.6746626686656672,
      0.7016491754122939,
      0.34182908545727136
    ],
    "val_accuracies": [
      0.6457399103139013,
      0.6457399103139013,
      0.6457399103139013,
      0.6547085201793722,
      0.6591928251121076,
      0.6681614349775785,
      0.695067264573991,
      0.4977578475336323,
      0.6591928251121076,
      0.6860986547085202,
      0.6860986547085202,
      0.6860986547085202,
      0.5560538116591929,
      0.6457399103139013,
      0.6457399103139013,
      0.6771300448430493,
      0.6502242152466368,
      0.3273542600896861
    ],
    "test_accuracy": 0.6322869955156951,
    "last_epoch": 18,
    "train_time_per_epoch": 1.8509022262361314
  },
  "split 3": {
    "train_losses": [
      0.6771505041555925,
      0.675022542476654,
      0.6772010814059864,
      0.6676622141491283,
      0.6589594375003468,
      0.642012281851335,
      0.6288646134463224,
      0.625889545137232,
      0.6273104006593878,
      0.62105285579508,
      0.6202787865291942,
      0.7822793505408547,
      0.6618387048894708,
      0.629997583952817,
      0.6142408685250715,
      0.5855184847658331,
      0.9054273908788507,
      0.6801199804652821,
      0.6436540430242365,
      0.5985081575133584,
      0.5879818363623186,
      0.824712720784274,
      0.699669523672624,
      0.6627178571440957,
      0.646613901311701,
      0.6356342976743524,
      0.7731210697780956,
      0.6850706067952242,
      0.6541398167610168,
      0.695867581800981,
      0.6788333491845564
    ],
    "val_losses": [
      0.6611946821212769,
      0.6592877358198166,
      0.6682873070240021,
      0.6656641513109207,
      0.6473518311977386,
      0.6406587064266205,
      0.6261830776929855,
      0.6209317147731781,
      0.6285110116004944,
      0.6135084182024002,
      0.6255173981189728,
      0.7527839243412018,
      0.6586759090423584,
      0.6211500018835068,
      0.607764258980751,
      0.6177392899990082,
      0.8888761848211288,
      0.6762042492628098,
      0.6367596238851547,
      0.5989508479833603,
      0.5997396558523178,
      0.7773635536432266,
      0.6930692046880722,
      0.6616963297128677,
      0.6525078862905502,
      0.6327070742845535,
      0.7545806765556335,
      0.6739837229251862,
      0.6468349397182465,
      0.6822620183229446,
      0.6797005534172058
    ],
    "train_accuracies": [
      0.5982008995502249,
      0.5982008995502249,
      0.5982008995502249,
      0.5982008995502249,
      0.6011994002998501,
      0.6446776611694153,
      0.679160419790105,
      0.6761619190404797,
      0.6806596701649176,
      0.671664167916042,
      0.6761619190404797,
      0.5982008995502249,
      0.6101949025487257,
      0.6611694152923538,
      0.6776611694152923,
      0.704647676161919,
      0.5907046476761619,
      0.5982008995502249,
      0.6476761619190404,
      0.7151424287856072,
      0.7061469265367316,
      0.3778110944527736,
      0.5982008995502249,
      0.6071964017991005,
      0.6491754122938531,
      0.6476761619190404,
      0.5772113943028486,
      0.5982008995502249,
      0.6476761619190404,
      0.5982008995502249,
      0.5982008995502249
    ],