{
  "alpha": "1e-2",
  "attention_heads": 2,
  "batch_size": 64,
  "convolution_layer": "GCN",
  "dataset": "PROTEINS",
  "deterministic_algorithms": true,
  "global_pooling_layer": "mean",
  "local_pooling_layer": null,
  "lr": 0.005,
  "max_epochs": 200,
  "patience": 10,
  "split 1": {
    "train_losses": [
      0.6640631827441129,
      0.6693108786236156,
      0.6566921147433195,
      0.6496522914279591,
      0.625976795499975,
      0.6161060766740278,
      0.6253897981210188,
      0.6219431053508412,
      0.6117509711872448,
      0.6077689040790905,
      0.6111911887472327,
      0.61375723101876,
      0.5987180119211023,
      0.6183658567341891,
      0.6025529449636285,
      0.5988238887353377,
      0.6013896085999229,
      0.5995961861176924,
      0.5932635339823636,
      0.5951107523658059,
      0.598990337415175,
      0.5954636172814802,
      0.5870062492110513,
      0.6003461913629011,
      0.5950701399282976,
      0.5993135896596041,
      0.6282650394873186,
      0.6238991889086637,
      0.5990454662929882,
      0.6095236864956942
    ],
    "val_losses": [
      0.6543567329645157,
      0.6611449122428894,
      0.6442844569683075,
      0.6404284834861755,
      0.6197819858789444,
      0.6091852933168411,
      0.5979050248861313,
      0.6163172870874405,
      0.5947358906269073,
      0.5941425859928131,
      0.5947039276361465,
      0.5891742557287216,
      0.5940674692392349,
      0.5980245620012283,
      0.5853223502635956,
      0.5891265422105789,
      0.5748728588223457,
      0.5717117041349411,
      0.5799418091773987,
      0.5721358060836792,
      0.5786115527153015,
      0.5922040194272995,
      0.5750810950994492,
      0.5616748631000519,
      0.5697783529758453,
      0.58040452003479,
      0.6116854250431061,
      0.6119791716337204,
      0.5859113931655884,
      0.564491368830204
    ],
    "train_accuracies": [
      0.5952023988005997,
      0.616191904047976,
      0.6266866566716641,
      0.6491754122938531,
      0.6671664167916042,
      0.6656671664167916,
      0.6956521739130435,
      0.697151424287856,
      0.6941529235382309,
      0.7106446776611695,
      0.6821589205397302,
      0.7091454272863568,
      0.7106446776611695,
      0.6851574212893553,
      0.7091454272863568,
      0.7151424287856072,
      0.7211394302848576,
      0.7136431784107946,
      0.7106446776611695,
      0.6881559220389805,
      0.7031484257871065,
      0.7061469265367316,
      0.7211394302848576,
      0.697151424287856,
      0.7166416791604198,
      0.7166416791604198,
      0.6581709145427287,
      0.6581709145427287,
      0.704647676161919,
      0.7151424287856072
    ],
    "val_accuracies": [
      0.6098654708520179,
      0.6188340807174888,
      0.6322869955156951,
      0.6591928251121076,
      0.6995515695067265,
      0.6905829596412556,
      0.7085201793721974,
      0.6995515695067265,
      0.7174887892376681,
      0.7623318385650224,
      0.7443946188340808,
      0.7399103139013453,
      0.7488789237668162,
      0.6995515695067265,
      0.7130044843049327,
      0.757847533632287,
      0.7488789237668162,
      0.7443946188340808,
      0.7623318385650224,
      0.7399103139013453,
      0.7354260089686099,
      0.7533632286995515,
      0.7533632286995515,
      0.726457399103139,
      0.7399103139013453,
      0.7219730941704036,
      0.6322869955156951,
      0.6502242152466368,
      0.7219730941704036,
      0.7533632286995515
    ],
    "test_accuracy": 0.6860986547085202,
    "last_epoch": 30,
    "train_time_per_epoch": 0.8165209690729777
  },
  "split 2": {
    "train_losses": [
      0.6693085594610735,
      0.6783606247468428,
      0.6472302946177396,
      0.6095449328422546,
      0.608852435242046,
      0.601479557427493,
      0.6029487252235413,
      0.6014083027839661,
      0.5974005352367054,
      0.5942181673916903,
      0.5967786528847434,
      0.5914219075983221,
      0.584844093431126,
      0.5995868715372953,
      0.5842143080451272,
      0.593624618920413,
      0.5903779159892689
    ],
    "val_losses": [
      0.6384352594614029,
      0.6684204339981079,
      0.6582994163036346,
      0.6259515583515167,
      0.6214850842952728,
      0.6333040148019791,
      0.6085347980260849,
      0.6250478625297546,
      0.637979194521904,
      0.6159931868314743,
      0.6179483532905579,
      0.611653283238411,
      0.6303451955318451,
      0.6119236201047897,
      0.5961998552083969,
      0.6089716106653214,
      0.6169848293066025
    ],
    "train_accuracies": [
      0.5982008995502249,
      0.5982008995502249,
      0.6296851574212894,
      0.6836581709145427,
      0.7106446776611695,
      0.7211394302848576,
      0.7136431784107946,
      0.7106446776611695,
      0.7226386806596702,
      0.7061469265367316,
      0.7286356821589205,
      0.7166416791604198,
      0.7166416791604198,
      0.712143928035982,
      0.7241379310344828,
      0.7166416791604198,
      0.7136431784107946
    ],
    "val_accuracies": [
      0.6457399103139013,
      0.6457399103139013,
      0.6502242152466368,
      0.6905829596412556,
      0.7085201793721974,
      0.7130044843049327,
      0.695067264573991,
      0.6816143497757847,
      0.7040358744394619,
      0.6995515695067265,
      0.6995515695067265,
      0.695067264573991,
      0.7040358744394619,
      0.6995515695067265,
      0.6905829596412556,
      0.6905829596412556,
      0.6860986547085202
    ],
    "test_accuracy": 0.6412556053811659,
    "last_epoch": 17,
    "train_time_per_epoch": 0.5616255928488338
  },
  "split 3": {
    "train_losses": [
      0.6660866087133234,
      0.6761453747749329,
      0.6651567762548273,
      0.6278763034126975,
      0.609392756765539,
      0.6146812601522966,
      0.6089120236310092,
      0.6041462096300992,
      0.6042454730380665,
      0.6088944565166127,
      0.6007470163432035,
      0.6028957962989807,
      0.6023564392870123,
      0.606853490526026,
      0.6064711050553755,
      0.6033668192950162,
      0.597201797095212,
      0.5921890518882058,
      0.596026973290877,
      0.5983653393658724,
      0.5859281664544885,
      0.5886978290297769,
      0.5971533601934259,
      0.5954545682126825,
      0.5915629863739014,
      0.5938920107754794,
      0.5829511040991003,
      0.5928499373522672,
      0.5886343825947155,
      0.5912428796291351,
      0.6007860086180947,
      0.586016449061307,
      0.5871056345376101,
      0.586005224422975,
      0.5798556723377921,
      0.5854918685826388,
      0.5826621082696047
    ],
    "val_losses": [
      0.6470097601413727,
      0.6540422737598419,
      0.6463011205196381,
      0.617291733622551,
      0.6112524569034576,
      0.6256759762763977,
      0.6102695465087891,
      0.6361022442579269,
      0.6212459206581116,
      0.6128751635551453,
      0.607838362455368,
      0.614915743470192,
      0.6148290932178497,
      0.623618021607399,
      0.6213771253824234,
      0.6136476695537567,
      0.620607778429985,
      0.6143277585506439,
      0.6127994954586029,
      0.6214930713176727,
      0.592272087931633,
      0.6129098534584045,
      0.6168781518936157,
      0.6400677561759949,
      0.6179254204034805,
      0.615526095032692,
      0.6190883815288544,
      0.6216709315776825,
      0.6327061653137207,
      0.6203720420598984,
      0.6105051934719086,
      0.6278947293758392,
      0.6225424557924271,
      0.6068310439586639,
      0.6130785644054413,
      0.6150358021259308,
      0.6237324774265289
    ],