{
  "alpha": "1e-2",
  "attention_heads": 2,
  "batch_size": 64,
  "convolution_layer": "GCN",
  "dataset": "PROTEINS",
  "deterministic_algorithms": true,
  "global_pooling_layer": "max",
  "local_pooling_layer": null,
  "lr": 0.005,
  "max_epochs": 200,
  "patience": 10,
  "split 1": {
    "train_losses": [
      0.6538255485621366,
      0.6411864161491394,
      0.6336779486049305,
      0.6283247199925509,
      0.6274784857576544,
      0.6267490603707053,
      0.6411019130186602,
      0.6273435950279236,
      0.637093489820307,
      0.6466395150531422,
      0.6248967972668734,
      0.624553918838501,
      0.628198347308419,
      0.6318875388665632,
      0.6474357409910723,
      0.6420490524985574,
      0.6551970026709817,
      0.6417117335579612,
      0.6366611339829185,
      0.628955754366788,
      0.6361895637078718,
      0.6305391788482666,
      0.6622615077278831
    ],
    "val_losses": [
      0.6435098052024841,
      0.630669504404068,
      0.625097393989563,
      0.6223777830600739,
      0.6266749352216721,
      0.6242794394493103,
      0.6406616121530533,
      0.6249006241559982,
      0.6348184496164322,
      0.6469090580940247,
      0.6128862202167511,
      0.6168708950281143,
      0.6184000819921494,
      0.6303584426641464,
      0.6411930918693542,
      0.6402301788330078,
      0.6586839258670807,
      0.643819734454155,
      0.636856809258461,
      0.6338430047035217,
      0.6381826102733612,
      0.6393087208271027,
      0.6657326221466064
    ],
    "train_accuracies": [
      0.6191904047976012,
      0.6521739130434783,
      0.6701649175412294,
      0.6731634182908546,
      0.7016491754122939,
      0.7151424287856072,
      0.704647676161919,
      0.7016491754122939,
      0.7076461769115442,
      0.6686656671664168,
      0.712143928035982,
      0.7136431784107946,
      0.7106446776611695,
      0.6986506746626686,
      0.6881559220389805,
      0.7061469265367316,
      0.679160419790105,
      0.704647676161919,
      0.7166416791604198,
      0.7136431784107946,
      0.7061469265367316,
      0.712143928035982,
      0.6191904047976012
    ],
    "val_accuracies": [
      0.6278026905829597,
      0.6636771300448431,
      0.672645739910314,
      0.6771300448430493,
      0.7219730941704036,
      0.7399103139013453,
      0.7309417040358744,
      0.7309417040358744,
      0.7399103139013453,
      0.7040358744394619,
      0.7488789237668162,
      0.7533632286995515,
      0.7399103139013453,
      0.7443946188340808,
      0.7174887892376681,
      0.7174887892376681,
      0.6367713004484304,
      0.6860986547085202,
      0.7219730941704036,
      0.7354260089686099,
      0.6995515695067265,
      0.726457399103139,
      0.5829596412556054
    ],
    "test_accuracy": 0.6636771300448431,
    "last_epoch": 23,
    "train_time_per_epoch": 0.7670133632162343
  },
  "split 2": {
    "train_losses": [
      0.6572272777557373,
      0.6382092616774819,
      0.6246570348739624,
      0.6303039518269625,
      0.6275533220984719,
      0.62877972017635,
      0.6467870744791898,
      0.6303704164244912,
      0.6373596083034169,
      0.6345292383974249,
      0.6352096850221808,
      0.6363104636018927,
      0.6350106651132758,
      0.6616021286357533,
      0.6311625729907643
    ],
    "val_losses": [
      0.6400727331638336,
      0.6306403279304504,
      0.6134146302938461,
      0.6331998705863953,
      0.6376548409461975,
      0.6415182054042816,
      0.657842293381691,
      0.6377792060375214,
      0.6408127695322037,
      0.6492093354463577,
      0.6539711356163025,
      0.6501665711402893,
      0.6507489532232285,
      0.6791402250528336,
      0.6453368067741394
    ],
    "train_accuracies": [
      0.631184407796102,
      0.6281859070464768,
      0.6341829085457271,
      0.719640179910045,
      0.7181409295352323,
      0.7241379310344828,
      0.7136431784107946,
      0.7241379310344828,
      0.7151424287856072,
      0.7016491754122939,
      0.6866566716641679,
      0.6821589205397302,
      0.6821589205397302,
      0.6281859070464768,
      0.6896551724137931
    ],
    "val_accuracies": [
      0.6636771300448431,
      0.6502242152466368,
      0.6591928251121076,
      0.7130044843049327,
      0.6860986547085202,
      0.695067264573991,
      0.6816143497757847,
      0.6771300448430493,
      0.6860986547085202,
      0.6681614349775785,
      0.6636771300448431,
      0.6681614349775785,
      0.6502242152466368,
      0.57847533632287,
      0.672645739910314
    ],
    "test_accuracy": 0.6457399103139013,
    "last_epoch": 15,
    "train_time_per_epoch": 0.8185975074768066
  },
  "split 3": {
    "train_losses": [
      0.6565484350377863,
      0.6420165842229669,
      0.6412306915629994,
      0.6421173323284496,
      0.644287033514543,
      0.6411137526685541,
      0.6481006145477295,
      0.6465240283445879,
      0.6416337977756154,
      0.6527772329070352,
      0.6433403654532,
      0.6402786157347939,
      0.646782940084284,
      0.6474688324061307,
      0.6670369668440386,
      0.6625898697159507,
      0.663613113490018
    ],
    "val_losses": [
      0.6381772309541702,
      0.6280566304922104,
      0.6320236325263977,
      0.6431673765182495,
      0.6494571566581726,
      0.6356995105743408,
      0.6433907598257065,
      0.6427546739578247,
      0.6409372985363007,
      0.6564534306526184,
      0.6452020555734634,
      0.6344634294509888,
      0.6545963138341904,
      0.6425224244594574,
      0.6668797731399536,
      0.6650709360837936,
      0.6663185060024261
    ],
    "train_accuracies": [
      0.6266866566716641,
      0.6296851574212894,
      0.6431784107946027,
      0.6461769115442278,
      0.7031484257871065,
      0.704647676161919,
      0.6896551724137931,
      0.697151424287856,
      0.6986506746626686,
      0.6761619190404797,
      0.6881559220389805,
      0.6881559220389805,
      0.6776611694152923,
      0.6626686656671664,
      0.6401799100449775,
      0.6476761619190404,
      0.6116941529235382
    ],
    "val_accuracies": [
      0.6412556053811659,
      0.6367713004484304,
      0.6502242152466368,
      0.6367713004484304,
      0.6995515695067265,
      0.7040358744394619,
      0.6905829596412556,
      0.695067264573991,
      0.6905829596412556,
      0.6681614349775785,
      0.695067264573991,
      0.6995515695067265,
      0.672645739910314,
      0.6681614349775785,
      0.6457399103139013,
      0.672645739910314,
      0.6636771300448431
    ],
    "test_accuracy": 0.6771300448430493,
    "last_epoch": 17,
    "train_time_per_epoch": 0.8007668747621424
  },
  "nb_parameters": 1346,
  "mean_accuracy": 0.6621823617339312,
  "std_accuracy": 0.012858483209331275
}