{
  "alpha": "1e-2",
  "attention_heads": 2,
  "batch_size": 64,
  "convolution_layer": "GAT",
  "dataset": "PROTEINS",
  "deterministic_algorithms": true,
  "global_pooling_layer": "mean",
  "local_pooling_layer": null,
  "lr": 0.005,
  "max_epochs": 200,
  "patience": 10,
  "split 1": {
    "train_losses": [
      0.6674864183772694,
      0.7051983800801364,
      0.7062655633146112,
      0.6312793818387118,
      0.6120210940187628,
      0.5970089598135515,
      0.5923899628899314,
      0.5968260710889642,
      0.589944373477589,
      0.5922911492261019,
      0.5820810713551261,
      0.5822813565080817,
      0.5786166841333563,
      0.5723087896000255,
      0.5723813907666639,
      0.5586198730902239,
      0.5606043555519797,
      0.5519494278864427,
      0.5705553780902516,
      0.5541227730837736,
      0.554385320706801,
      0.545144492929632
    ],
    "val_losses": [
      0.6552281528711319,
      0.6963965892791748,
      0.6882468014955521,
      0.6047251895070076,
      0.5744948834180832,
      0.5818142145872116,
      0.5685589760541916,
      0.5555520802736282,
      0.5608225911855698,
      0.553800493478775,
      0.5507448092103004,
      0.564084842801094,
      0.5511255115270615,
      0.5398126840591431,
      0.5588942468166351,
      0.555486187338829,
      0.5391774699091911,
      0.540838435292244,
      0.5834199786186218,
      0.5649433508515358,
      0.5502924472093582,
      0.5383369997143745
    ],
    "train_accuracies": [
      0.5952023988005997,
      0.5952023988005997,
      0.5952023988005997,
      0.6221889055472264,
      0.6731634182908546,
      0.7256371814092953,
      0.712143928035982,
      0.7226386806596702,
      0.7241379310344828,
      0.6986506746626686,
      0.7166416791604198,
      0.7241379310344828,
      0.719640179910045,
      0.7181409295352323,
      0.7346326836581709,
      0.7256371814092953,
      0.7346326836581709,
      0.7421289355322339,
      0.7256371814092953,
      0.7361319340329835,
      0.7376311844077961,
      0.7331334332833583
    ],
    "val_accuracies": [
      0.6098654708520179,
      0.6098654708520179,
      0.6098654708520179,
      0.6367713004484304,
      0.695067264573991,
      0.7443946188340808,
      0.7309417040358744,
      0.7399103139013453,
      0.7354260089686099,
      0.7309417040358744,
      0.757847533632287,
      0.7219730941704036,
      0.7399103139013453,
      0.7488789237668162,
      0.7399103139013453,
      0.7443946188340808,
      0.7443946188340808,
      0.7443946188340808,
      0.7443946188340808,
      0.7354260089686099,
      0.7354260089686099,
      0.7399103139013453
    ],
    "test_accuracy": 0.6771300448430493,
    "last_epoch": 22,
    "train_time_per_epoch": 1.7480392781170933
  },
  "split 2": {
    "train_losses": [
      0.6663475144993175,
      0.690609487620267,
      0.7335237860679626,
      0.651662983677604,
      0.5875782045451078,
      0.5800219449129972,
      0.5886465852910822,
      0.5702097443017092,
      0.5670424645597284,
      0.5711751824075525,
      0.5552652044729753,
      0.5583330419930544,
      0.5621743608604778,
      0.5554833466356451,
      0.5622439574111592,
      0.5485470213673331,
      0.5570257279005918,
      0.5700923529538241,
      0.5492596626281738,
      0.5602996891195123,
      0.563737381588329,
      0.5468741357326508,
      0.551815081726421,
      0.553840843113986,
      0.5576192926276814,
      0.5403740297664296,
      0.5624026574871757,
      0.5524385246363553,
      0.5445009334520861
    ],
    "val_losses": [
      0.645120844244957,
      0.6451219320297241,
      0.6900791674852371,
      0.6351733505725861,
      0.6024596393108368,
      0.6027688533067703,
      0.5963321775197983,
      0.5841835141181946,
      0.5984123945236206,
      0.61022137850523,
      0.6095422953367233,
      0.5889087468385696,
      0.6008145660161972,
      0.5893590897321701,
      0.5954065918922424,
      0.5973157435655594,
      0.5720021277666092,
      0.5744511038064957,
      0.5803920924663544,
      0.6085697710514069,
      0.5739987641572952,
      0.5823263227939606,
      0.5804097205400467,
      0.5769071578979492,
      0.5978141203522682,
      0.6026636064052582,
      0.600841224193573,
      0.5988386273384094,
      0.5878566652536392
    ],
    "train_accuracies": [
      0.5982008995502249,
      0.5982008995502249,
      0.5982008995502249,
      0.631184407796102,
      0.7151424287856072,
      0.7286356821589205,
      0.7496251874062968,
      0.7511244377811095,
      0.7361319340329835,
      0.7286356821589205,
      0.7346326836581709,
      0.7451274362818591,
      0.7211394302848576,
      0.7406296851574213,
      0.7376311844077961,
      0.7376311844077961,
      0.7346326836581709,
      0.7481259370314842,
      0.7346326836581709,
      0.7301349325337332,
      0.7466266866566716,
      0.7481259370314842,
      0.7436281859070465,
      0.7511244377811095,
      0.7346326836581709,
      0.7346326836581709,
      0.7481259370314842,
      0.7421289355322339,
      0.7556221889055472
    ],
    "val_accuracies": [
      0.6457399103139013,
      0.6457399103139013,
      0.6457399103139013,
      0.6502242152466368,
      0.7130044843049327,
      0.7174887892376681,
      0.7174887892376681,
      0.7130044843049327,
      0.6995515695067265,
      0.7085201793721974,
      0.6905829596412556,
      0.726457399103139,
      0.695067264573991,
      0.7085201793721974,
      0.7219730941704036,
      0.7174887892376681,
      0.7130044843049327,
      0.7309417040358744,
      0.7085201793721974,
      0.6995515695067265,
      0.7085201793721974,
      0.7174887892376681,
      0.7040358744394619,
      0.7130044843049327,
      0.7130044843049327,
      0.7174887892376681,
      0.7040358744394619,
      0.7085201793721974,
      0.7174887892376681
    ],
    "test_accuracy": 0.6771300448430493,
    "last_epoch": 29,
    "train_time_per_epoch": 1.7546433498119485
  },
  "split 3": {
    "train_losses": [
      0.6696452552622015,
      0.7091273665428162,
      0.7108352130109613,
      0.6511835726824674,
      0.5963778712532737,
      0.5800424218177795,
      0.5852509520270608,
      0.5931456576694142,
      0.5909292156046088,
      0.5715778903527693,
      0.5791624947027727,
      0.5861753929745067,
      0.5822902890768918,
      0.5843917944214561,
      0.5801412273537029,
      0.572549353946339,
      0.5757941495288502,
      0.5740630680864508,
      0.5673306638544257,
      0.5734808336604725,
      0.5676141083240509,
      0.566832341931083,
      0.573466645045714,
      0.559580694545399,
      0.5661584680730646,
      0.5767628387971357,
      0.5677901208400726,
      0.5647605711763556,
      0.5670355206186121,
      0.5702370567755266,
      0.5688557624816895,
      0.567582905292511,
      0.5668778717517853,
      0.5565141683275049,
      0.5638923021880063,
      0.5648382224819877,
      0.5624763396653262,
      0.5634662346406416,
      0.5631461414423856,
      0.5623976534063165,
      0.55885449051857,
      0.5578106533397328,
      0.5583713298494165,
      0.555714490738782,
      0.5695401673967188,
      0.565464502031153,
      0.5724106322635304,
      0.564901278777556,
      0.5479327115145597,
      0.5532979694279757,
      0.5544728365811434,
      0.5547386109828949,
      0.5573127865791321,
      0.5591898560523987,
      0.5453249270265753,
      0.5520088103684512,
      0.5545977624979886,
      0.5582823590798811,
      0.5613609985871748,
      0.5608234622261741,
      0.559270896694877,
      0.548738420009613,
      0.5457332513549111,
      0.5540959997610613,
      0.5607143125750802,
      0.551715609702197,
      0.5638737678527832,
      0.5509130169044841,
      0.5534731908278032,
      0.555568746545098,
      0.5660993538119576,
      0.5545261583544991
    ],